Date,Equity,DailyReturn
2019-08-09,1.0,
2019-08-13,1.0,0.0
2019-08-14,1.0,0.0
2019-08-16,1.0,0.0
2019-08-19,1.0,0.0
2019-08-20,1.0,0.0
2019-08-21,1.0,0.0
2019-08-22,1.0,0.0
2019-08-23,1.0,0.0
2019-08-26,1.0,0.0
2019-08-27,1.0,0.0
2019-08-28,1.0,0.0
2019-08-29,1.0,0.0
2019-08-30,1.0,0.0
2019-09-03,1.0,0.0
2019-09-04,1.0,0.0
2019-09-05,1.0,0.0
2019-09-06,1.0,0.0
2019-09-09,1.0,0.0
2019-09-11,1.0093444940860101,0.009344494086010124
2019-09-12,0.9810396799876788,-0.028042768612872915
2019-09-13,0.9854453125188075,0.004490779140741807
2019-09-16,0.9904362898076048,0.005064692302447771
2019-09-17,0.9778321486823588,-0.01272584744213523
2019-09-18,0.9733139080861273,-0.004620670942676486
2019-09-19,0.9605155939904904,-0.013149215262733494
2019-09-20,1.0055600259126685,0.0468960964340408
2019-09-23,1.038720671154828,0.03297729065160704
2019-09-24,1.0240517469724173,-0.014122106731641493
2019-09-25,1.0023036363714926,-0.0212373160489423
2019-09-26,1.0145369445918586,0.012205191896392575
2019-09-27,0.9954148232539481,-0.018848127157757855
2019-09-30,0.992247410120738,-0.00318200318019779
2019-10-01,0.9627481163516778,-0.029729776533728325
2019-10-03,0.9750218544242555,0.012748649271928869
2019-10-04,0.9542587255987873,-0.021295039420145767
2019-10-07,0.9385553093675888,-0.016456141096687138
2019-10-09,0.945461593876101,0.007358420371800678
2019-10-10,0.9366438821912537,-0.009326356291953997
2019-10-11,0.939048735162249,0.002567521143008067
2019-10-14,0.9440276129797021,0.005302044112324822
2019-10-15,0.9478199718181202,0.004017211770371842
2019-10-16,0.9521536418968273,0.004572250224263774
2019-10-17,0.9553101214791102,0.0033150947949900367
2019-10-18,0.9551323632365658,-0.00018607386077851285
2019-10-22,0.9627744346711155,0.008001060092502454
2019-10-23,0.9614871525458456,-0.0013370547439905955
2019-10-24,0.9519436737325179,-0.009925747617176461
2019-10-25,0.9551985153500695,0.0034191535774270587
2019-10-27,0.9468835773568938,-0.008704931864480958
2019-10-29,0.982046760408573,0.0371356985088207
2019-10-30,0.9790805794194676,-0.003020407081095966
2019-10-31,1.0008452200154283,0.022229672463594197
2019-11-01,0.995880652088082,-0.004960375318842858
2019-11-04,1.0019786267252289,0.0061231982209526414
2019-11-05,0.9847025176179661,-0.017241993637854613
2019-11-06,0.9793891684789972,-0.005395892712676487
2019-11-07,0.9803417255124954,0.0009726031940680002
2019-11-08,0.9647939674696621,-0.015859529017501983
2019-11-11,0.9635741513157486,-0.0012643281312305632
2019-11-13,0.9526708303069382,-0.011315497612635284
2019-11-14,0.9423230546373176,-0.010861858409464187
2019-11-15,0.9502644149645206,0.008427428670159776
2019-11-18,0.9533871513504514,0.0032861762860469934
2019-11-19,0.9493934204424049,-0.004188991746311488
2019-11-20,0.9425868734549795,-0.007169363975846443
2019-11-21,0.9187093669929912,-0.02533188943578979
2019-11-22,0.9101816452002242,-0.009282284582205813
2019-11-25,0.9289628970234005,0.020634619388578024
2019-11-26,0.9040109141321554,-0.0268600424959885
2019-11-27,0.8979255780040295,-0.006731485243148594
2019-11-28,0.8955918744334377,-0.002598994424214185
2019-11-29,0.8933536021952282,-0.0024992100778331583
2019-12-02,0.8882715497907201,-0.00568873556005145
2019-12-03,0.8692419415748397,-0.021423187785721387
2019-12-04,0.874917813562594,0.006529680306809782
2019-12-05,0.86024562485964,-0.016769790802647067
2019-12-06,0.8578948838585864,-0.0027326392987317982
2019-12-09,0.852434218161949,-0.006365192052523616
2019-12-10,0.8487926468030667,-0.004271967597375914
2019-12-11,0.8528880833666264,0.004825014188076349
2019-12-12,0.8550413170755166,0.0025246380514436506
2019-12-13,0.8543717112216829,-0.0007831268974508587
2019-12-16,0.8430434358586218,-0.013259188259946653
2019-12-17,0.8489902890374684,0.007054029396231343
2019-12-18,0.8419881219009545,-0.008247641023612307
2019-12-19,0.8539957235423696,0.014261010730538093
2019-12-20,0.8595569451011597,0.006512001647645427
2019-12-23,0.8525883848095556,-0.008107153727649696
2019-12-24,0.8506718754333636,-0.002247871787064093
2019-12-26,0.8478956140952366,-0.0032636101160775643
2019-12-27,0.8482454596544182,0.0004126045156571667
2019-12-30,0.8479853510040598,-0.00030664313896167084
2019-12-31,0.8472381620455761,-0.0008811342761982921
2020-01-01,0.8464771002894146,-0.0008982855001762324
2020-01-02,0.8544920895688565,0.009468642774508096
2020-01-03,0.8458916901439525,-0.010064925737631403
2020-01-06,0.8330371966167178,-0.015196382322950952
2020-01-07,0.8304460762940381,-0.003110449729259668
2020-01-08,0.8366750273135214,0.007500729062723366
2020-01-09,0.8295912725603379,-0.008466554542602589
2020-01-10,0.8259567786551859,-0.004381065743296664
2020-01-13,0.8362339871307071,0.012442792094102595
2020-01-14,0.8513634882709057,0.018092425532847622
2020-01-15,0.838658838679843,-0.014922709002784917
2020-01-16,0.8285226355138923,-0.01208620561598861
2020-01-17,0.8250876705489778,-0.004145891515424882
2020-01-20,0.8225532506867944,-0.0030716976542590757
2020-01-21,0.8208543211268795,-0.0020654341326794556
2020-01-22,0.8061157165154674,-0.017955201345810967
2020-01-23,0.8093430182899144,0.004003521713231706
2020-01-24,0.8139192342052571,0.005654235363655724
2020-01-27,0.8135404627194736,-0.0004653674097694349
2020-01-28,0.8055871528265856,-0.009776170033758302
2020-01-29,0.8021636654413613,-0.004249679718962951
2020-01-30,0.7908273357364461,-0.014132190465991457
2020-01-31,0.7859105689282941,-0.006217244379360443
2020-02-03,0.7969486278790966,0.014044930030467029
2020-02-04,0.7898117835666747,-0.008955212497717802
2020-02-05,0.7857037504629101,-0.005201281101699151
2020-02-06,0.7816869222738172,-0.005112395335679976
2020-02-07,0.7792161228799412,-0.0031608554825105495
2020-02-10,0.7768213793225238,-0.0030732725967816954
2020-02-11,0.7747293884808385,-0.0026930139892773486
2020-02-12,0.7721030328205045,-0.0033900297308767646
2020-02-13,0.7749308756758344,0.003662520071964659
2020-02-14,0.7693824376600947,-0.007159913470863755
2020-02-17,0.7697997544492295,0.0005424048804700821
2020-02-18,0.7596813894886573,-0.013144151972108276
2020-02-19,0.7571812941773877,-0.0032909787522271694
2020-02-20,0.75625246537573,-0.001226692746902569
2020-02-24,0.7444252168868836,-0.01563928586066865
2020-02-25,0.7373597605959857,-0.009491156573718573
2020-02-26,0.7294419354349674,-0.010738076016812537
2020-02-27,0.7317554812818053,0.0031716655355966683
2020-02-28,0.7228740387447157,-0.012137172545031216
2020-03-02,0.7109292466365286,-0.016524029731278533
2020-03-03,0.71504986491328,0.005796101786846641
2020-03-04,0.7071277393625786,-0.011079123204452701
2020-03-05,0.7070442119951919,-0.0001181220347288292
2020-03-06,0.7182135556958376,0.015797235181555624
2020-03-09,0.6988094333610894,-0.02701720425751175
2020-03-11,0.6905770274092362,-0.01178061651551765
2020-03-12,0.6511116423931852,-0.057148418568322645
2020-03-13,0.6935643561649355,0.0652003604415885
2020-03-16,0.6651606642108606,-0.040953217537206044
2020-03-17,0.6637041873907213,-0.0021896616840192396
2020-03-18,0.6122497005817408,-0.07752623501031097
2020-03-19,0.6160972370636407,0.006284260291583799
2020-03-20,0.6540400119396381,0.061585692311874496
2020-03-23,0.6646357815615449,0.016200491450796273
2020-03-24,0.6587048852297269,-0.008923528489368282
2020-03-25,0.667057280958819,0.012680026999009053
2020-03-26,0.6790996246499953,0.018052937933406232
2020-03-27,0.661069894384439,-0.02654946286393367
2020-03-30,0.652100202941605,-0.013568446421518221
2020-03-31,0.6397608327089802,-0.018922506352493373
2020-04-01,0.6106008582903283,-0.045579493035198815
2020-04-03,0.5975403360460503,-0.021389623134247193
2020-04-07,0.6243287247788741,0.04483109694331899
2020-04-08,0.6376547359352674,0.021344542750476814
2020-04-09,0.6305503891732235,-0.01114136908529939
2020-04-13,0.6192332126485299,-0.017948092204863486
2020-04-15,0.5973295396408124,-0.03537225161750146
2020-04-16,0.6045373515239543,0.012066725994291483
2020-04-17,0.5879650320887636,-0.027413226649129596
2020-04-20,0.559748399882038,-0.047990323687252645
2020-04-21,0.5438259854640711,-0.028445663125294063
2020-04-22,0.5519744599463636,0.014983606337492406
2020-04-23,0.5527087992529268,0.001330386385331117
2020-04-24,0.5591339754846693,0.011624885003508334
2020-04-27,0.5661480529976866,0.012544538197553301
2020-04-28,0.5572055101566489,-0.01579541392695427
2020-04-29,0.5633480701736993,0.011023868043450458
2020-04-30,0.5674093512485203,0.007209186096206688
2020-05-04,0.5526387919627184,-0.02603157535789813
2020-05-05,0.5394215089062068,-0.023916676224573163
2020-05-06,0.5419477073224165,0.004683162192275381
2020-05-07,0.5342288281989098,-0.014242848561244137
2020-05-08,0.523049368445057,-0.020926350589396403
2020-05-11,0.5157127600992173,-0.014026607789720313
2020-05-12,0.5158503913906984,0.00026687586992157897
2020-05-13,0.5073418243646319,-0.016494253310786466
2020-05-14,0.5209283599563516,0.02677984534142186
2020-05-15,0.5149205636437029,-0.011532864736241488
2020-05-18,0.48564597299422263,-0.05685263459343348
2020-05-19,0.4942746323641427,0.01776738581135673
2020-05-20,0.5008710750317571,0.013345703452477986
2020-05-21,0.4983883606358517,-0.004956793314023988
2020-05-22,0.49601019988099576,-0.004771702035380243
2020-05-26,0.49340941511073677,-0.0052434098550452335
2020-05-27,0.4963804297848223,0.006021398423089908
2020-05-28,0.5045520657706523,0.016462445929571246
2020-05-29,0.5192322517904054,0.029095482935602934
2020-06-01,0.5151995003024235,-0.0077667584670950696
2020-06-02,0.5190377404025516,0.0074500074201839794
2020-06-03,0.5143302021476729,-0.009069741732513847
2020-06-04,0.5011922916739402,-0.025543727393167126
2020-06-05,0.5167468067274732,0.03103502450443174
2020-06-08,0.5097594832383451,-0.013521754557862531
2020-06-09,0.49486249552295114,-0.029223561709451618
2020-06-10,0.48982863346319117,-0.010172244017886967
2020-06-11,0.48447590050172046,-0.010927766561186436
2020-06-12,0.513683480015621,0.06028696057668381
2020-06-15,0.5014531963373309,-0.023808987740696286
2020-06-16,0.49017163919357193,-0.02249772705839881
2020-06-17,0.4933357223902565,0.006455051544577595
2020-06-18,0.49890480002340803,0.011288616210820557
2020-06-19,0.5139528103617909,0.030162087712278574
2020-06-22,0.5174844813774182,0.006871586154264309
2020-06-23,0.5188612863966119,0.0026605725751021048
2020-06-24,0.49285800632924676,-0.05011605365270688
2020-06-25,0.5004209765030877,0.015345129990215867
2020-06-26,0.4907062016075287,-0.019413204784989757
2020-06-29,0.4867538119925174,-0.008054492896286014
2020-06-30,0.48384779750095075,-0.005970193596781304
2020-07-01,0.48081468068730004,-0.00626874159460189
2020-07-02,0.47441143819654763,-0.013317485401234674
2020-07-03,0.4772417438945429,0.005965930561780963
2020-07-06,0.4777492478705194,0.0010634106979725555
2020-07-07,0.4760585145093804,-0.0035389555685857443
2020-07-08,0.4683377878444549,-0.016218020326518867
2020-07-09,0.47529863953705437,0.01486288715808537
2020-07-10,0.475480185433013,0.0003819617412232912
2020-07-13,0.4716178896665125,-0.008122937369058114
2020-07-14,0.4686139063182915,-0.006369527988739354
2020-07-15,0.45776283378736354,-0.023155677594334345
2020-07-16,0.4533943524171417,-0.00954311064111213
2020-07-17,0.45253394381861145,-0.001897704711016468
2020-07-20,0.4623858972380079,0.021770639648073242
2020-07-21,0.4609491278351973,-0.0031072950351489492
2020-07-22,0.4475239091426976,-0.02912516345469618
2020-07-23,0.45078815507806314,0.0072940146183892995
2020-07-24,0.44854694202518364,-0.0049717656234586904
2020-07-27,0.4430442173156544,-0.012267890367693712
2020-07-28,0.44603595432411425,0.006752682670335686
2020-07-29,0.44284175138118254,-0.007161312696802535
2020-07-30,0.4386570545693158,-0.009449643803492003
2020-07-31,0.4437506772104022,0.011611856205270499
2020-08-03,0.4344433204587396,-0.020974293065133764
2020-08-04,0.43731910372303384,0.006619467094712395
2020-08-05,0.4326730283190775,-0.01062399370254552
2020-08-06,0.4400071904486331,0.016950818862106143
2020-08-07,0.45065420958987673,0.024197375343770755
2020-08-10,0.45163071309150227,0.0021668576057776168
2020-08-11,0.44579613502042387,-0.012918913399710075
2020-08-12,0.446780015607618,0.0022070191056031696
2020-08-13,0.450232209580324,0.007726831666835077
2020-08-14,0.44382043252720993,-0.014241044769077504
2020-08-17,0.45309688170840345,0.020901356722968778
2020-08-18,0.4521380284015771,-0.0021162213767859095
2020-08-19,0.447170971002405,-0.01098571030782769
2020-08-20,0.46078840919188724,0.0304524199300249
2020-08-21,0.46160051716778217,0.0017624314320734413
2020-08-24,0.4565953793373375,-0.010843007415057504
2020-08-25,0.4565646490635928,-6.73030764991589e-05
2020-08-26,0.4534740650644544,-0.006769214404744428
2020-08-27,0.4575165085341892,0.008914387351259379
2020-08-28,0.47059676838042425,0.02858970026708363
2020-08-31,0.438029480773451,-0.06920423129775144
2020-09-01,0.4290197015458203,-0.0205688877646355
2020-09-02,0.4323188326986665,0.007689929252570282
2020-09-03,0.4281628992910007,-0.009613121366291555
2020-09-04,0.42545292471137797,-0.006329307336320422
2020-09-07,0.42345512540784574,-0.004695700011669968
2020-09-08,0.4194082600597918,-0.009556774980952754
2020-09-09,0.42024671569259797,0.0019991395321747873
2020-09-10,0.4189474514258969,-0.0030916702455598966
2020-09-11,0.4179314243090289,-0.002425189873837219
2020-09-14,0.4189982099810204,0.0025525375933508343
2020-09-15,0.420054010190441,0.0025198203340019987
2020-09-16,0.4257537261501202,0.013569007369064634
2020-09-17,0.42908928334213153,0.007834475630250193
2020-09-18,0.43312708581324805,0.009410168531049035
2020-09-21,0.4123721400302804,-0.04791883597858526
2020-09-22,0.41257912424182336,0.0005019354884832072
2020-09-23,0.4019057870580669,-0.025869794559698955
2020-09-24,0.3903492675891611,-0.02875429974148669
2020-09-25,0.3951416889799262,0.012277264974425606
2020-09-28,0.39444340574343667,-0.0017671717663912956
2020-09-29,0.3807195733772884,-0.034792906070471474
2020-09-30,0.37745009318266937,-0.008587633584520304
2020-10-01,0.3740477133275651,-0.009014118466405208
2020-10-05,0.37012559129191835,-0.010485619603860519
2020-10-06,0.36960479957156317,-0.0014070675808645072
2020-10-07,0.36776139270477104,-0.004987507924488432
2020-10-08,0.3671203764875488,-0.0017430220516290174
2020-10-09,0.3701504023106023,0.00825349399573927
2020-10-12,0.37792327585207974,0.020999230293838878
2020-10-13,0.37863481071920396,0.0018827495224260637
2020-10-14,0.3752419130203433,-0.00896087101029075
2020-10-15,0.3621973172182077,-0.03476316304098048
2020-10-16,0.36055728013433264,-0.004528021070037358
2020-10-19,0.3565319070411534,-0.011164309570117381
2020-10-20,0.3618936277823915,0.015038543915283364
2020-10-21,0.3564023891841159,-0.01517362610644668
2020-10-22,0.36039192871918707,0.0111939191659296
2020-10-23,0.3617448668073673,0.0037540743295458867
2020-10-26,0.3598547698688347,-0.005224944738577597
2020-10-27,0.3713668627699305,0.03199094152702742
2020-10-28,0.36684251627110215,-0.012182956942044854
2020-10-29,0.3683341960221647,0.004066267362423659
2020-10-30,0.36578852429373776,-0.006911309772263952
2020-11-02,0.3633418113842886,-0.006688872796578926
2020-11-03,0.36803829930293147,0.012925811925552422
2020-11-04,0.36826768209443705,0.0006232579379374936
2020-11-05,0.3710378306502446,0.007522106039967946
2020-11-06,0.37394656706514623,0.00783946049329809
2020-11-09,0.37717288911123553,0.008627762173110787
2020-11-10,0.37370899353147485,-0.00918384030178565
2020-11-11,0.3744487962634388,0.0019796224997770118
2020-11-12,0.37521683183853394,0.002051109745202062
2020-11-13,0.3884152784070969,0.035175518389970906
2020-11-14,0.3864377369551415,-0.0050913070671816385
2020-11-17,0.3866937780959293,0.0006625676436395889
2020-11-18,0.38835501824748614,0.004296009518789612
2020-11-19,0.3859148959549096,-0.006283225857587782
2020-11-20,0.39613170730245634,0.026474260140350925
2020-11-23,0.39508078687988435,-0.0026529570928024437
2020-11-24,0.3966345984290952,0.003932895754010124
2020-11-25,0.3911383018184115,-0.013857330229012366
2020-11-26,0.39369690659529366,0.006541432442149331
2020-11-27,0.3879119134576057,-0.014694027412399113
2020-12-01,0.38485944871535616,-0.007868963639300897
2020-12-02,0.39378402502134036,0.023189183312957606
2020-12-03,0.39526172909519575,0.003752574964856148
2020-12-04,0.39547957396564914,0.000551140812322215
2020-12-07,0.3948363628466063,-0.001626407939588681
2020-12-08,0.3861011847178816,-0.022123540156604893
2020-12-09,0.385999749622446,-0.0002627163537706201
2020-12-10,0.377666723221567,-0.021588165300702067
2020-12-11,0.3746399278750065,-0.008014461323839761
2020-12-14,0.3793615581967151,0.012603115606203863
2020-12-15,0.3766768376619281,-0.007076944083498349
2020-12-16,0.37638195496212473,-0.0007828532851494874
2020-12-17,0.3729571187276718,-0.009099363530320148
2020-12-18,0.37001117450119514,-0.007898881878234731
2020-12-21,0.3604021943426607,-0.025969432332653586
2020-12-22,0.3671266118552333,0.018658092592464204
2020-12-23,0.3698511391580919,0.007421219859520711
2020-12-24,0.3645593733942683,-0.014307826050960593
2020-12-28,0.3648619319139458,0.0008299293386986317
2020-12-29,0.3591765501809067,-0.015582282599928776
2020-12-30,0.35781730588669663,-0.00378433473322648
2020-12-31,0.3555049795164265,-0.006462310045457498
2021-01-01,0.3547437948760998,-0.0021411363670970074
2021-01-04,0.35567070406880097,0.002612897550540394
2021-01-05,0.3569982460804284,0.0037325031171828726
2021-01-06,0.3520537869154238,-0.013850093716960776
2021-01-07,0.35316339925062246,0.0031518261596350516
2021-01-08,0.3501873750690212,-0.008426762761702067
2021-01-11,0.3525022760725833,0.006610463906946418
2021-01-12,0.3568463892421002,0.012323645730510036
2021-01-13,0.3535182188992011,-0.009326619081021836
2021-01-14,0.3566051747342078,0.008732098290772594
2021-01-15,0.3524782868135344,-0.01157270901564822
2021-01-18,0.350001817066916,-0.007025878867620738
2021-01-19,0.3521940649048427,0.006263532733338684
2021-01-20,0.3578062870545975,0.01593502761402621
2021-01-21,0.3580405829962179,0.0006548122548351021
2021-01-22,0.3579836027493979,-0.00015914465992417082
2021-01-25,0.3482943438061962,-0.027066208811760917
2021-01-27,0.3466284342791214,-0.0047830507635283626
2021-01-28,0.3478809103405528,0.003613310212233989
2021-01-29,0.33858872736655926,-0.026710815965432233
2021-02-01,0.33988327292997716,0.0038233569483736574
2021-02-02,0.342824811467117,0.008654555170609646
2021-02-03,0.34686071543588165,0.011772496720680703
2021-02-04,0.34945745151557295,0.007486394290653786
2021-02-05,0.346753303225801,-0.007738133149097992
2021-02-08,0.34652583846834745,-0.0006559843996797321
2021-02-09,0.33951033878356507,-0.02024524265143124
2021-02-10,0.33634865858447677,-0.009312471044081616
2021-02-11,0.33742453661705896,0.003198698746443629
2021-02-12,0.33066930311783327,-0.020019983036657973
2021-02-15,0.32872931920340814,-0.0058668400608502536
2021-02-16,0.32384934334752496,-0.014844966879463461
2021-02-17,0.32435303854067965,0.0015553380097923508
2021-02-18,0.32401927397982916,-0.0010290162914833312
2021-02-19,0.31818135541902126,-0.01801719536341939
2021-02-22,0.31200799384767985,-0.019402021728179397
2021-02-23,0.31397238251685633,0.006295956218786758
2021-02-24,0.31310086971294165,-0.0027757626225863863
2021-02-25,0.3223213043364055,0.02944876720373646
2021-02-26,0.31660063401610805,-0.017748346892784927
2021-03-01,0.31170147055957176,-0.015474269253317519
2021-03-02,0.30847903072259797,-0.010338224683986263
2021-03-03,0.30590953545563576,-0.008329562177835204
2021-03-04,0.30882526243152153,0.009531337333251066
2021-03-05,0.30726252150215194,-0.0050602755651056874
2021-03-08,0.3030766559495315,-0.013623091850436309
2021-03-09,0.3028437066920419,-0.0007686149788070917
2021-03-10,0.2985191972738694,-0.014279674045100998
2021-03-12,0.29474351535403315,-0.012648037226136388
2021-03-15,0.2945887958273326,-0.0005249293661803156
2021-03-16,0.2934423873720303,-0.003891554843702294
2021-03-17,0.2888567216364237,-0.01562714158876055
2021-03-18,0.283203305167495,-0.01957169781925483
2021-03-19,0.2900845537778561,0.024297910669832445
2021-03-22,0.29149107707076466,0.00484866662009753
2021-03-23,0.2901156044909201,-0.004718746774916349
2021-03-24,0.28491441494088604,-0.017927989634204056
2021-03-25,0.2794641428899925,-0.01912950614318465
2021-03-26,0.28193398661882213,0.008837783993640436
2021-03-30,0.2850113451903263,0.010915174181056697
2021-03-31,0.28530264994418214,0.0010220812566648085
2021-04-01,0.2932439976393,0.027834819258326204
2021-04-05,0.2925574517102555,-0.002341210509239411
2021-04-06,0.2921596280742711,-0.0013598137174725133
2021-04-07,0.2904977026248101,-0.005688415817117987
2021-04-08,0.2973186160462285,0.023480094196228096
2021-04-09,0.2963241799625792,-0.0033446815301154675
2021-04-12,0.28921495384480533,-0.023991380381687577
2021-04-13,0.28127660239785396,-0.027447928751329842
2021-04-15,0.28119924505060917,-0.00027502233241349927
2021-04-16,0.2843628235208846,0.01125030925920889
2021-04-19,0.28612818454976163,0.00620812878075605
2021-04-20,0.2863177321273623,0.0006624568561777178
2021-04-22,0.285908408707962,-0.0014296125369496204
2021-04-23,0.2823210766443188,-0.012547137315249257
2021-04-26,0.2840004531266782,0.005948463013532468
2021-04-27,0.28536418886978215,0.004801878757903388
2021-04-28,0.2820820406924279,-0.01150161199397004
2021-04-29,0.28411245651350475,0.0071979620400248745
2021-04-30,0.2859112343060806,0.006331217626462493
2021-05-03,0.2883046352026195,0.008371132748063559
2021-05-04,0.2838550326190964,-0.015433683819880195
2021-05-05,0.281337932185021,-0.00886755612838852
2021-05-06,0.2806628697087453,-0.0023994719483177995
2021-05-07,0.28244427817538886,0.006347146911496182
2021-05-10,0.28483087045299255,0.008449780937398454
2021-05-11,0.29247068991741465,0.026822301431975504
2021-05-12,0.2860413712085361,-0.02198277957594308
2021-05-14,0.2811649334972521,-0.0170480154345537
2021-05-17,0.2793997156807805,-0.006278228918930373
2021-05-18,0.2775942000189159,-0.006462124191734753
2021-05-19,0.2775998837588922,2.0474995428454434e-05
2021-05-20,0.2721515138393346,-0.01962670101220132
2021-05-21,0.27300502978240637,0.003136179295977204
2021-05-24,0.27027524649181817,-0.009999021969536392
2021-05-25,0.2687269028392329,-0.005728766036412258
2021-05-26,0.2683428004822558,-0.0014293409142102087
2021-05-27,0.2661561874190342,-0.008148581066053984
2021-05-28,0.26347789498428514,-0.010062859934690804
2021-05-31,0.2640628614668155,0.002220172901279849
2021-06-01,0.2618992233324239,-0.008193647991137643
2021-06-02,0.26430796440101123,0.009197205848640477
2021-06-03,0.2634743944557036,-0.003153782925901294
2021-06-04,0.2619273910792837,-0.005871551122133667
2021-06-07,0.2641216403648492,0.008377318907060394
2021-06-08,0.26279285707274525,-0.005030951989652976
2021-06-09,0.2602168853357137,-0.009802289779582862
2021-06-10,0.2570056535684302,-0.012340597202754933
2021-06-11,0.25575516844418794,-0.004865593837644067
2021-06-14,0.2534733639189303,-0.00892183152793491
2021-06-15,0.2511327381045718,-0.009234208195173843
2021-06-16,0.24903764984759053,-0.008342553315804246
2021-06-17,0.25077448153909976,0.006974173152421548
2021-06-18,0.24988229868412945,-0.0035577098973333943
2021-06-21,0.25215463714520575,0.009093635175610126
2021-06-22,0.25135185246677955,-0.003183699841950216
2021-06-23,0.25150427722628027,0.0006064198771753571
2021-06-24,0.2519126886878929,0.0016238748148413862
2021-06-25,0.2510464646962001,-0.0034385881719757316
2021-06-28,0.2502764993610848,-0.003067023214396114
2021-06-29,0.24756945538172714,-0.010816213213259429
2021-06-30,0.2451870852276482,-0.009623037504386645
2021-07-01,0.24446247056281128,-0.002955354129538068
2021-07-02,0.24264383032143128,-0.007439343295488565
2021-07-05,0.24167425592595876,-0.003995874917520514
2021-07-06,0.24015811313663266,-0.006273497288807661
2021-07-07,0.2397347050888643,-0.001763038700789088
2021-07-08,0.2354890746018702,-0.017709703254772058
2021-07-09,0.23346247654805075,-0.008605911154246693
2021-07-12,0.2308531886720629,-0.011176476470945107
2021-07-13,0.23170234849828814,0.0036783543303424704
2021-07-14,0.2319564453907788,0.00109665220977484
2021-07-15,0.23849707745962276,0.028197673308128612
2021-07-16,0.23508008847091222,-0.014327173419091621
2021-07-19,0.2369233043143286,0.0078407995139258
2021-07-20,0.2348042357351039,-0.008944112042322816
2021-07-22,0.23495386422023737,0.0006372478105645119
2021-07-23,0.234335416955504,-0.0026322072496481885
2021-07-26,0.23392884427798227,-0.0017350031113688713
2021-07-27,0.23403722014147912,0.00046328559366570765
2021-07-28,0.23308873787653714,-0.004052698388609333
2021-07-29,0.23880111350387906,0.024507300006779698
2021-07-30,0.23508484358113638,-0.015562196793032612
2021-08-02,0.23269411207561275,-0.010169653938997936
2021-08-03,0.2361699904467093,0.014937543284150978
2021-08-04,0.23501792369755153,-0.004878125061438476
2021-08-05,0.23268708610851255,-0.00991770139216519
2021-08-06,0.2346998732445207,0.008650188412559823
2021-08-09,0.2329353317378645,-0.007518289133534584
2021-08-10,0.23398016392853824,0.004485503263410351
2021-08-11,0.23258938440252283,-0.0059440061185707105
2021-08-12,0.23690667060721937,0.01856183684301338
2021-08-13,0.23697112150839714,0.00027205186334589015
2021-08-16,0.23600588027737673,-0.004073244135725629
2021-08-17,0.23617086798475667,0.0006990830363464706
2021-08-18,0.23489606420816378,-0.0053978028173872206
2021-08-20,0.23726134310752553,0.010069470117922696
2021-08-23,0.23614967064341047,-0.004685434422459833
2021-08-24,0.23544607456927052,-0.002979449737206652
2021-08-25,0.23356137067038604,-0.008004821920825744
2021-08-26,0.2338054273576956,0.0010449360123596652
2021-08-27,0.23451815916184532,0.0030483971745416394
2021-08-30,0.2359986799299273,0.006313032531780394
2021-08-31,0.23934398115633743,0.014175084485232858
2021-09-01,0.23774255085431925,-0.006690915285528454
2021-09-02,0.23813224141663716,0.001639128380332311
2021-09-03,0.23650034317012994,-0.006852907597892366
2021-09-06,0.23626470784498177,-0.0009963424238190743
2021-09-07,0.23517688282969373,-0.0046042636888526944
2021-09-08,0.2320221952342502,-0.013414105831686118
2021-09-09,0.23299770732968209,0.004204391284407194
2021-09-13,0.23442603343864812,0.006130215294114505
2021-09-14,0.23261411054631342,-0.007729188033243295
2021-09-15,0.2330881824384511,0.0020380186353454732
2021-09-16,0.23056614455441546,-0.010820101892988987
2021-09-17,0.227006426530348,-0.015439031740530962
2021-09-20,0.2249545950669946,-0.009038649234360263
2021-09-21,0.23012412961942594,0.022980346549008157
2021-09-22,0.2296365170953407,-0.002118910889056469
2021-09-23,0.2298977822241643,0.0011377333715401061
2021-09-24,0.22659339195704709,-0.014373302061240545
2021-09-27,0.2212019507586989,-0.023793461723588982
2021-09-28,0.21768018085597113,-0.015921061684349813
2021-09-29,0.22718575830407128,0.04366762932078583
2021-09-30,0.22545834392274033,-0.007603532872069052
2021-10-01,0.22784938955497813,0.010605265658551799
2021-10-04,0.22825220083869138,0.0017678839715129513
2021-10-05,0.22991068159403608,0.007266001156837731
2021-10-06,0.22592575720127295,-0.017332489143760177
2021-10-07,0.2208937791311331,-0.02227270645222168
2021-10-08,0.21757077594847096,-0.015043443938226209
2021-10-11,0.21977075507193353,0.010111556176936265
2021-10-12,0.22125031703826023,0.006732296869264687
2021-10-13,0.2245187766378293,0.014772677586734728
2021-10-14,0.22142609710674985,-0.013774703289374468
2021-10-18,0.2217611102935088,0.0015129796854860267
2021-10-19,0.21204804029946664,-0.043799699510823076
2021-10-20,0.2102687331749138,-0.008391056677722664
2021-10-21,0.2082792974690635,-0.009461395785341775
2021-10-22,0.2073985292472322,-0.004228784293658028
2021-10-25,0.2086461234068906,0.006015443620485783
2021-10-26,0.21006153074090406,0.006783770102707365
2021-10-27,0.20709984326500339,-0.01409914259624101
2021-10-28,0.20093657232356213,-0.02975990152515362
2021-10-29,0.19885577520283906,-0.010355492266347688
2021-11-01,0.19974968954061173,0.004495289799156366
2021-11-02,0.199692930800082,-0.0002841493303957776
2021-11-03,0.19583525873803057,-0.019318020155222437
2021-11-04,0.19508607962904126,-0.0038255578378328936
2021-11-08,0.19603535799163893,0.004865946173108426
2021-11-09,0.19592968535756966,-0.0005390488489008805
2021-11-10,0.19694415217170533,0.0051777085860382766
2021-11-11,0.19527215565884024,-0.008489698701017345
2021-11-12,0.19259875650068173,-0.013690631668086817
2021-11-15,0.1892439143440648,-0.017418815248711472
2021-11-16,0.18715594211735628,-0.011033233136957588
2021-11-17,0.18926079213692495,0.01124650382860315
2021-11-18,0.1866917205868827,-0.013574240713224994
2021-11-22,0.18249551265661398,-0.022476668580039494
2021-11-23,0.18386822280560527,0.007521884395997214
2021-11-24,0.18219134671772694,-0.00911998855643048
2021-11-25,0.18297882979233052,0.004322285820871796
2021-11-26,0.17845103670784201,-0.02474490130703788
2021-11-29,0.17489287934757702,-0.019939124063988345
2021-11-30,0.17262380816411002,-0.012974062705877865
2021-12-01,0.1720570855802425,-0.003282992015381514
2021-12-02,0.17364409211615636,0.00922372089799084
2021-12-03,0.1709943217934265,-0.015259778149879999
2021-12-06,0.16712448080636594,-0.022631400542853175
2021-12-07,0.16840658862940247,0.007671574007891868
2021-12-08,0.1692341803543395,0.004914247902486846
2021-12-09,0.16907655135284783,-0.0009314253253192017
2021-12-10,0.16924996151365945,0.0010256310495104781
2021-12-13,0.16712073058383511,-0.012580392401758345
2021-12-14,0.16707522582463868,-0.00027228674167145694
2021-12-15,0.16625782101717282,-0.00489243574821685
2021-12-16,0.1640127014337636,-0.013503843426272977
2021-12-17,0.16268135105438727,-0.008117361446631555
2021-12-20,0.16102730480727281,-0.010167399252551612
2021-12-21,0.16134718204708492,0.0019864782571810125
2021-12-22,0.16187510860153095,0.0032719911667993262
2021-12-23,0.16064514749572342,-0.007598210227831803
2021-12-24,0.160638848010389,-3.921366709558338e-05
2021-12-27,0.16210250334242568,0.009111465564930032
2021-12-28,0.16257707141131156,0.0029275801366459575
2021-12-29,0.16343106403993923,0.005252847902931679
2021-12-30,0.1631297312782729,-0.0018437912243701726
2021-12-31,0.16234351387898238,-0.004819583733325472
2022-01-03,0.1636843126407379,0.008259022671857519
2022-01-04,0.16140183105894035,-0.01394441254005363
2022-01-05,0.16315571879131824,0.010866591294973693
2022-01-06,0.1650656098386304,0.011705939953934319
2022-01-07,0.16376874237923178,-0.007856678690773
2022-01-10,0.16599491871513586,0.013593414125077752
2022-01-11,0.1663541676321795,0.0021642163496591316
2022-01-12,0.16680720109144453,0.002723306940326964
2022-01-13,0.16719779763751189,0.0023416048198856565
2022-01-14,0.16864161657067855,0.008635394446384392
2022-01-17,0.1686653648747461,0.00014082113626789905
2022-01-18,0.16440963120479343,-0.025231817291671232
2022-01-19,0.16473033888214375,0.0019506623486724717
2022-01-20,0.16262144153384347,-0.012802118678387986
2022-01-21,0.16333027703221337,0.0043588071270563855
2022-01-24,0.16069582658743656,-0.01612959025507088
2022-01-25,0.16547355939670932,0.029731530125787886
2022-01-27,0.16650334439803183,0.006223260109209816
2022-01-28,0.1633018843831252,-0.019227601862779498
2022-01-31,0.1623442616337281,-0.005864125530544606
2022-02-01,0.163990436891662,0.010140027379889283
2022-02-02,0.16517130779498077,0.007200852230785149
2022-02-03,0.1635864781955341,-0.00959506599907678
2022-02-04,0.16158070097413085,-0.012261265377971786
2022-02-07,0.1592513601821457,-0.014415959195263617
2022-02-08,0.16000379321208635,0.004724813835687458
2022-02-09,0.16210164946141134,0.013111290721365965
2022-02-10,0.16157310820434284,-0.003260554465821852
2022-02-11,0.16100671079503293,-0.003505517815462156
2022-02-14,0.1589151344914078,-0.012990615691092389
2022-02-15,0.15889899639028443,-0.00010155169408510023
2022-02-16,0.15807802617207994,-0.005166616761933751
2022-02-17,0.1572878952016657,-0.004998360553630232
2022-02-18,0.15622592924915693,-0.0067517335084633645
2022-02-21,0.1545924168097078,-0.010456090402534368
2022-02-22,0.154957852378552,0.0023638647767181276
2022-02-23,0.15368908227260716,-0.00818784002533357
2022-02-24,0.15136304393730907,-0.015134701183082577
2022-02-25,0.1512206032986826,-0.000941052947412091
2022-02-28,0.15411553791858473,0.019143784357110505
2022-03-02,0.15981927027090057,0.03700945686170187
2022-03-03,0.15882603680129215,-0.006214729099468741
2022-03-04,0.1555003245250131,-0.020939339312734062
2022-03-07,0.15794911845939733,0.015747838095285127
2022-03-08,0.15475687905229113,-0.020210555387979556
2022-03-09,0.1518572510002497,-0.01873666663348572
2022-03-10,0.15173467291957915,-0.0008071928068178469
2022-03-11,0.15386479157104338,0.014038443623187069
2022-03-14,0.15368695612368236,-0.0011557903893751886
2022-03-15,0.15193961529226935,-0.011369480374162633
2022-03-16,0.15074756943938494,-0.00784552370092162
2022-03-17,0.15010581392484307,-0.0042571533121794625
2022-03-21,0.14734562719447247,-0.018388273300010916
2022-03-22,0.14822278739170713,0.0059530792595354765
2022-03-23,0.14747971286487277,-0.005013227317542279
2022-03-24,0.14993776209635257,0.016667032934434722
2022-03-25,0.14988733831919157,-0.0003362980509779012
2022-03-28,0.14961022750866063,-0.0018487939917968266
2022-03-29,0.15095510051326325,0.008989178260054187
2022-03-30,0.1491903955645471,-0.011690263811662938
2022-03-31,0.14990986822969643,0.0048225132886523525
2022-04-01,0.15164168963375976,0.011552417626101708
2022-04-04,0.15391073267423167,0.014963187537358813
2022-04-05,0.15358183092390687,-0.002136964359860105
2022-04-06,0.1538340038527433,0.0016419450615963171
2022-04-07,0.15075675739244068,-0.020003681781878835
2022-04-08,0.15050885021403856,-0.0016444183510578858
2022-04-11,0.15026061804582747,-0.0016492861905336165
2022-04-12,0.14814044049456615,-0.014110001534897831
2022-04-13,0.14845855282483206,0.0021473699497847054
2022-04-18,0.14889560629226323,0.002943942663558463
2022-04-19,0.14171956269131433,-0.048195133353117425
2022-04-20,0.13990481680271727,-0.012805189729168442
2022-04-21,0.14239842496503866,0.01782360478580003
2022-04-22,0.14192507104731827,-0.003324151357970373
2022-04-25,0.1395061900176393,-0.017043366699266982
2022-04-26,0.14097575148246727,0.010534023362276157
2022-04-27,0.14034121419612705,-0.0045010385095846095
2022-04-28,0.13827430892676665,-0.014727714030405181
2022-04-29,0.1376592671109488,-0.004447983291990809
2022-05-02,0.13788357123211673,0.0016294153374152298
2022-05-04,0.1339462454890927,-0.028555437807712636
2022-05-05,0.13202583572941246,-0.01433716751573022
2022-05-06,0.13449586489415594,0.018708680396508193
2022-05-09,0.133486276166443,-0.0075064666746998965
2022-05-10,0.13214919528984767,-0.010016616801326816
2022-05-11,0.13214839810812365,-6.032437218195241e-06
2022-05-12,0.130588776432585,-0.011802047530402593
2022-05-13,0.13039121349903574,-0.0015128630418806965
2022-05-16,0.13121180040314723,0.006293268404297558
2022-05-17,0.1330666394869969,0.014136221575732577
2022-05-18,0.1324495457194115,-0.00463747916055024
2022-05-19,0.13172291688541035,-0.005486080228168433
2022-05-20,0.13418096500061114,0.018660747676420675
2022-05-23,0.13355581391306007,-0.004659014693687902
2022-05-24,0.13240757335284792,-0.008597458445048334
2022-05-25,0.13022709278018516,-0.016467944524986344
2022-05-26,0.130499169268112,0.002089246424214375
2022-05-27,0.1314511165953818,0.00729466197071349
2022-05-30,0.13178940826296007,0.00257351688095242
2022-05-31,0.13277897060740185,0.007508663689173689
2022-06-01,0.1320440931977991,-0.005534591857739302
2022-06-02,0.133320892281188,0.00966949033817266
2022-06-03,0.13140366913741774,-0.01438051539384122
2022-06-06,0.13040715140302053,-0.0075836370547239795
2022-06-07,0.13245405485226852,0.015696251526283733
2022-06-08,0.1322853512784781,-0.0012736761738142421
2022-06-09,0.13332809023989386,0.007882497580708359
2022-06-10,0.1322352851476514,-0.00819636049894823
2022-06-13,0.1308766803670069,-0.010274147169777814
2022-06-14,0.1292749179396384,-0.012238715276677192
2022-06-15,0.12877760035794028,-0.003846976580022643
2022-06-16,0.12449139717881841,-0.03328376338127337
2022-06-17,0.12214231510814752,-0.01886943293998611
2022-06-20,0.12322267818908858,0.008845117107731948
2022-06-21,0.12376147082551217,0.004372511978653737
2022-06-22,0.1215280468920717,-0.018046197403304265
2022-06-23,0.1235747726475151,0.016841591778900877
2022-06-24,0.12403511772674179,0.003725235089363954
2022-06-27,0.1233516939155278,-0.00550992189743893
2022-06-28,0.12493861275508546,0.012864994303559252
2022-06-29,0.12656743785308372,0.013037003229667832
2022-06-30,0.12525997363232236,-0.010330178464061479
2022-07-01,0.12177767131772571,-0.02780059913487054
2022-07-04,0.12204057862154358,0.0021589122289251694
2022-07-05,0.12072932269793213,-0.010744425652698286
2022-07-06,0.12272066948423935,0.016494309268094032
2022-07-07,0.12172644048560786,-0.00810156107206672
2022-07-08,0.1220917306613414,0.0030009106836301758
2022-07-11,0.12291081176872629,0.006708735333246008
2022-07-12,0.12199134678498363,-0.0074807494191214685
2022-07-13,0.12099107008368175,-0.008199570934034561
2022-07-14,0.11944696148606546,-0.012762169939883439
2022-07-15,0.12036354389035828,0.0076735514481860445
2022-07-18,0.12066735051546187,0.0025240751084925073
2022-07-19,0.12182852873152615,0.009622969354212252
2022-07-20,0.12066682303717388,-0.009535580101376118
2022-07-21,0.12087905213364089,0.0017588023876424774
2022-07-22,0.11940834287327638,-0.01216678352787326
2022-07-25,0.11998573119340755,0.00483541020868139
2022-07-26,0.11954060051698329,-0.0037098634312338064
2022-07-27,0.12044237186729113,0.007543640791563
2022-07-28,0.12309823361226395,0.022050892088866902
2022-07-29,0.1252696291430506,0.017639534435775373
2022-08-01,0.12417447340366777,-0.008742388293751624
2022-08-02,0.12285673199190782,-0.010612015301053268
2022-08-03,0.12248092007037469,-0.003058944474918057
2022-08-04,0.12212013764396128,-0.002945621458477876
2022-08-05,0.12112881788828352,-0.008117578106306533
2022-08-08,0.12270026680995554,0.012973369583457517
2022-08-10,0.1222079898377293,-0.004012028539340462
2022-08-11,0.12083929691886622,-0.011199700777997146
2022-08-12,0.12161576336549017,0.00642561208499326
2022-08-16,0.12040028480553223,-0.009994416236200121
2022-08-17,0.12246345728351196,0.017135943501397133
2022-08-18,0.12163039466709483,-0.006802540405898672
2022-08-19,0.11989078384387651,-0.014302435077841125
2022-08-22,0.11772588669741656,-0.018057244077068657
2022-08-23,0.11800775350537247,0.0023942636225826597
2022-08-24,0.11878505645687075,0.00658688033971333
2022-08-25,0.1174470452942731,-0.01126413711040708
2022-08-26,0.11639815856433403,-0.008930720456278962
2022-08-29,0.11809019715867185,0.01453664400887078
2022-08-30,0.11923508135874282,0.009694997786587223
2022-09-01,0.12083803695494569,0.013443657503617201
2022-09-02,0.11949925939003893,-0.011079107197065174
2022-09-05,0.11994730052818582,0.003749321463863753
2022-09-06,0.1187688406282353,-0.009824813853760772
2022-09-07,0.11926276599044992,0.004158711658731162
2022-09-08,0.11933865535325296,0.0006363206669977028
2022-09-09,0.11888199692783726,-0.0038265759243218955
2022-09-12,0.11952239208215916,0.005386813570356086
2022-09-13,0.11881339474978662,-0.005931920538246649
2022-09-14,0.11947313558040949,0.005552747920486878
2022-09-15,0.11860076611108417,-0.007301804418937241
2022-09-16,0.11808795037590382,-0.004323882146764824
2022-09-19,0.11842748058035192,0.002875231582623705
2022-09-20,0.11850555069320906,0.0006592229478712408
2022-09-21,0.11622655085494181,-0.019231165333067013
2022-09-22,0.11758862389129801,0.011719121201971827
2022-09-23,0.11590946916417086,-0.014279907966942451
2022-09-26,0.11466561115249507,-0.010731289002057443
2022-09-27,0.1146592595376054,-5.5392500208473194e-05
2022-09-28,0.11590896171790205,0.010899269586568172
2022-09-29,0.11549926378863942,-0.0035346527411723727
2022-09-30,0.11485200701039323,-0.005603990510542611
2022-10-03,0.11469661342965927,-0.0013529896845416722
2022-10-04,0.11427455721497122,-0.0036797617825646833
2022-10-06,0.11420330499493106,-0.0006235177958827665
2022-10-07,0.11367613210838355,-0.0046160913344049925
2022-10-10,0.1139243795050561,0.0021838128380007316
2022-10-11,0.11235169634152414,-0.01380462347361
2022-10-12,0.11395794200681307,0.014296585789023597
2022-10-13,0.11344758000368582,-0.004478511932908824
2022-10-14,0.1114523863040904,-0.017586921638439446
2022-10-17,0.11164151209665127,0.0016969200824901165
2022-10-18,0.11097655549036539,-0.005956176997228502
2022-10-19,0.11060921301443741,-0.003310090805259125
2022-10-20,0.11126899061938418,0.005964942584490318
2022-10-21,0.11017169715506525,-0.009861628637150344
2022-10-24,0.10932355305887062,-0.007698384595100527
2022-10-25,0.10825524692962193,-0.00977196678444403
2022-10-27,0.10890423909043935,0.005995018063552404
2022-10-28,0.10883762252128966,-0.0006116985868140912
2022-10-31,0.1089195889203215,0.0007531072172750619
2022-11-01,0.10965675687925523,0.0067680016628872686
2022-11-02,0.1089157724630056,-0.006757307413947533
2022-11-03,0.10905217481044284,0.0012523654228644432
2022-11-04,0.10965173764169266,0.005497944743348748
2022-11-07,0.10920986384016457,-0.004029792970285606
2022-11-09,0.10741102946174041,-0.01647135446535175
2022-11-10,0.10658897889142901,-0.007653316185785353
2022-11-11,0.10532213149792202,-0.011885350687123042
2022-11-14,0.105076271714416,-0.00233436011984689
2022-11-15,0.10477881092779469,-0.00283090351197246
2022-11-16,0.10335301017802553,-0.013607720274204094
2022-11-17,0.10258306654595627,-0.007449648836962197
2022-11-18,0.1017695119340168,-0.007930691090960895
2022-11-21,0.10159864937836517,-0.001678916921232898
2022-11-22,0.10123195808544871,-0.003609214248024628
2022-11-23,0.10138242307741688,0.0014863388480657047
2022-11-24,0.10256142770005379,0.01162928037078581
2022-11-25,0.10248679595654218,-0.0007276784770379185
2022-11-28,0.10393735307396011,0.014153600021148183
2022-11-29,0.10415602279969188,0.002103860828321924
2022-11-30,0.10503376901829777,0.00842722480191016
2022-12-01,0.1039366113386812,-0.010445761300115097
2022-12-02,0.1036735387899202,-0.0025310864513735654
2022-12-05,0.10391305133514941,0.0023102572558515444
2022-12-06,0.10257900607921074,-0.012838091450476208
2022-12-07,0.10088554458909196,-0.01650885063958496
2022-12-08,0.10162453987131234,0.00732508592019121
2022-12-09,0.10124319817339479,-0.003752456821949135
2022-12-12,0.10176399811488103,0.0051440486954421605
2022-12-13,0.10129676000495341,-0.00459138908241552
2022-12-14,0.10158798590896441,0.002874977481972296
2022-12-15,0.10087183870596894,-0.007049526541821893
2022-12-16,0.10059295380894911,-0.0027647448544360076
2022-12-19,0.10037098103638643,-0.0022066433498340032
2022-12-20,0.09906769182233671,-0.012984721286895207
2022-12-21,0.09749359123471467,-0.01588914164311972
2022-12-22,0.0964437391086371,-0.010768421931961258
2022-12-23,0.09567668157779081,-0.007953419661407501
2022-12-26,0.09403114741993375,-0.01719890500716359
2022-12-27,0.09426079084646657,0.002442205937435382
2022-12-28,0.0940403724772928,-0.0023383887106654955
2022-12-29,0.0949548892245448,0.009724724851263522
2022-12-30,0.09487535614506495,-0.0008375880392190727
2023-01-02,0.09588377072174474,0.010628835744636467
2023-01-03,0.09528041268177054,-0.006292598167891739
2023-01-04,0.09411629373138602,-0.012217820196398388
2023-01-05,0.09401501934635603,-0.0010760558136621023
2023-01-06,0.0934058369005889,-0.0064796289997332
2023-01-09,0.09302680485937086,-0.004057905306511511
2023-01-10,0.09311334104987118,0.000930228557576962
2023-01-11,0.09270425028818893,-0.004393470979235259
2023-01-12,0.09131718370421428,-0.014962276051666334
2023-01-13,0.09195809087062609,0.007018472760699446
2023-01-16,0.09238972890142441,0.004693855937109248
2023-01-17,0.0928417921252438,0.004893003033938026
2023-01-18,0.09302682396282339,0.0019929800291875743
2023-01-19,0.09321328151047466,0.0020043417555111187
2023-01-20,0.0922436404752708,-0.010402391370535558
2023-01-23,0.092667208976927,0.0045918450255630905
2023-01-24,0.09233693856116487,-0.003564048377073248
2023-01-25,0.09109178307729938,-0.013484911924393939
2023-01-27,0.08727057180311083,-0.04194902267909195
2023-01-30,0.08646283090182875,-0.009255593089322334
2023-01-31,0.08548774379746071,-0.011277529248090112
2023-02-01,0.08388733747753671,-0.018720886162532424
2023-02-02,0.08468778050641124,0.009541881444131706
2023-02-03,0.08456767151155795,-0.0014182564962155197
2023-02-06,0.08436840098092745,-0.0023563440623201037
2023-02-07,0.08370243454033646,-0.0078935529516736
2023-02-08,0.08426961281249823,0.006776126348970735
2023-02-09,0.0840493351509129,-0.0026139631384738404
2023-02-10,0.08443377705642686,0.004574002933202204
2023-02-13,0.08246675238826127,-0.023296656110161185
2023-02-14,0.08198150930517645,-0.005884105642965709
2023-02-15,0.08289221900518107,0.011108720828918894
2023-02-16,0.08396974453122721,0.01299911546557575
2023-02-17,0.08403375194163322,0.0007622675377105814
2023-02-20,0.08397924711676714,-0.0006486063469346437
2023-02-21,0.08334181802886373,-0.007590316772155825
2023-02-22,0.08268109718868365,-0.007927842898162507
2023-02-23,0.08240598381972736,-0.00332740346113769
2023-02-24,0.08243296199455585,0.0003273812601705117
2023-02-27,0.08180992054884857,-0.0075581591469251475
2023-02-28,0.08142347397730894,-0.004723712832710669
2023-03-01,0.08167011032400504,0.003029057035380589
2023-03-02,0.08174079259606533,0.0008654607148181892
2023-03-03,0.0823018901420418,0.006864351667706714
2023-03-06,0.08159614319174753,-0.008575100147472203
2023-03-08,0.08201085985643211,0.0050825522930662
2023-03-09,0.08145915449321582,-0.006727223250458603
2023-03-10,0.08215871702622168,0.008587893372550504
2023-03-13,0.0808578161201835,-0.01583399733010671
2023-03-14,0.080063063832853,-0.009829010050793618
2023-03-15,0.07960052525183303,-0.005777178125303872
2023-03-16,0.07995481266742474,0.004450817560196274
2023-03-17,0.0794828658476363,-0.005902669320876686
2023-03-20,0.07994266184773598,0.005784844257894273
2023-03-21,0.07975466836451664,-0.002351603998093088
2023-03-22,0.07910585480012251,-0.008135117074636211
2023-03-23,0.07905927243965463,-0.0005888610973938668
2023-03-24,0.07803054879438248,-0.013012055556890778
2023-03-27,0.07811265461594742,0.0010522266321784102
2023-03-28,0.07775100611376352,-0.0046298324383161615
2023-03-29,0.07769783192867538,-0.000683903498436278
2023-03-31,0.07837320882190568,0.008692351851597113
2023-04-03,0.0781551752177023,-0.0027819915438047627
2023-04-05,0.07741703524681137,-0.009444543740511402
2023-04-06,0.07828592383498625,0.011223480535063057
2023-04-10,0.07793754156297299,-0.0044501265993565076
2023-04-11,0.07787043010190484,-0.0008610928664452011
2023-04-12,0.07835534121491848,0.006227153392874163
2023-04-13,0.07795436405282138,-0.005117419640829235
2023-04-17,0.077927561412872,-0.0003438247527901561
2023-04-18,0.07789548467089494,-0.0004116225555567121
2023-04-19,0.07773063726106813,-0.0021162639981415765
2023-04-20,0.07653654180849162,-0.01536196658938982
2023-04-21,0.07663147980725651,0.0012404270760291158
2023-04-24,0.07659686297263271,-0.00045173125601738473
2023-04-25,0.07585963339041041,-0.009624801246569392
2023-04-26,0.07620593604487076,0.004565045189160344
2023-04-27,0.07696610311810642,0.009975168768848519
2023-04-28,0.07708415137023772,0.0015337693783217254
2023-05-02,0.07771093318972193,0.008131137313476478
2023-05-03,0.07721222983290903,-0.006417415624071499
2023-05-04,0.0777749072620298,0.0072874132807514425
2023-05-05,0.07780985340048224,0.0004493240774263718
2023-05-08,0.07802281528895229,0.002736952701529294
2023-05-09,0.07725478804297894,-0.00984362385706039
2023-05-10,0.07690584518773642,-0.004516779659642478
2023-05-11,0.07701490574206286,0.0014181048795474105
2023-05-12,0.07703085345672453,0.00020707309199430313
2023-05-15,0.07740331801437612,0.00483526458474004
2023-05-16,0.07666030163081314,-0.009599283372128675
2023-05-17,0.07641480201023222,-0.0032024348373062006
2023-05-18,0.07551496588382216,-0.011775678307581972
2023-05-19,0.07540904684830564,-0.0014026230996312394
2023-05-22,0.07610796183792473,0.009268317514011803
2023-05-23,0.075703733062239,-0.005311254774455154
2023-05-24,0.07540519617956666,-0.003943489582302395
2023-05-25,0.07603278056772077,0.00832282680704921
2023-05-26,0.07617142487342791,0.0018234806707306817
2023-05-29,0.07631835314910164,0.0019289159408251155
2023-05-30,0.0762606024115202,-0.0007567083826954812
2023-05-31,0.07619472066986145,-0.0008639027174639491
2023-06-01,0.07521942990791988,-0.012799978179162008
2023-06-02,0.07543679413991915,0.0028897351690295725
2023-06-05,0.07487917663760382,-0.0073918504712841004
2023-06-06,0.0753398524244035,0.006152254972423554
2023-06-07,0.07553295218507176,0.0025630493617176953
2023-06-08,0.07440038523997235,-0.014994342367611768
2023-06-09,0.07334373555477373,-0.014202207176622461
2023-06-12,0.07297516994283355,-0.0050251818938910064
2023-06-13,0.07321797598020134,0.0033272418215399835
2023-06-14,0.07394980211470045,0.009995170239300188
2023-06-15,0.07365205715227968,-0.0040263118210775994
2023-06-16,0.07368028945797751,0.00038331998846219406
2023-06-19,0.07387966447689102,0.002705947823769428
2023-06-20,0.07368047912515573,-0.002696078185325246
2023-06-21,0.07331967848981105,-0.004896828028653433
2023-06-22,0.07265995736174136,-0.008997872626533288
2023-06-23,0.0715596087401032,-0.015143810450644946
2023-06-26,0.07179238811919099,0.003252943709253886
2023-06-27,0.0710949232185115,-0.009715025770163033
2023-06-28,0.07099653734035687,-0.0013838664380049215
2023-06-30,0.07060037905066033,-0.005579966355223176
2023-07-03,0.07011056916342441,-0.006937779850791581
2023-07-04,0.06996100544970424,-0.002133254878755042
2023-07-05,0.06972831231566706,-0.003326040449839751
2023-07-06,0.06961273162585584,-0.001657586222479912
2023-07-07,0.06918978654796613,-0.00607568569730732
2023-07-10,0.06852040458040026,-0.009674577722563416
2023-07-11,0.06813117135707147,-0.005680544732803994
2023-07-12,0.0676500621144866,-0.007061514325996443
2023-07-13,0.06732969500768896,-0.004735651332521629
2023-07-14,0.0689230346111465,0.0236647381705144
2023-07-17,0.06909739456801366,0.0025297777129353882
2023-07-18,0.06952418072427856,0.006176588262598148
2023-07-19,0.06910044230868863,-0.006094835080048044
2023-07-20,0.06904827881519052,-0.0007548937713753867
2023-07-21,0.06868192786954672,-0.005305721618700243
2023-07-24,0.06765099299102723,-0.01501027869336502
2023-07-25,0.067154086388826,-0.00734514868491476
2023-07-26,0.0671018337654647,-0.0007781004280029702
2023-07-27,0.0670730281795898,-0.00042928164937472424
2023-07-28,0.06747848326693295,0.006044979604283629
2023-07-31,0.06839624397404438,0.013600790395375872
2023-08-01,0.06860098172791773,0.002993406391600173
2023-08-02,0.0671806459520411,-0.02070430684957114
2023-08-03,0.06659758145114733,-0.00867905469843211
2023-08-04,0.06626625735194627,-0.004975016989830161
2023-08-07,0.06671436647487768,0.00676225187355084
2023-08-08,0.06574140024272365,-0.01458405863031631
2023-08-09,0.06555180955322427,-0.0028838857827698794
2023-08-10,0.06542888124326442,-0.0018752847678452644
2023-08-11,0.06462716154921405,-0.012253299748005375
2023-08-14,0.06451193451675515,-0.0017829505380823063
2023-08-16,0.06477740639452512,0.0041150816474280205
2023-08-17,0.06497675340596842,0.0030774157617423636
2023-08-18,0.06521255795341954,0.003629060165222908
2023-08-21,0.0655131864406031,0.004609978455350383
2023-08-22,0.0653941150645477,-0.00181751770177363
2023-08-23,0.06493739086097602,-0.006984178975751321
2023-08-24,0.06416854280233036,-0.011839836008990301
2023-08-25,0.06408273352716246,-0.0013372483061091511
2023-08-28,0.06370775989873376,-0.005851398774519456
2023-08-29,0.06377072668244708,0.0009883691376595394
2023-08-30,0.06368948105147083,-0.0012740270528955877
2023-08-31,0.06304097289300777,-0.010182343265428329
2023-09-01,0.0642405408976845,0.019028386613141546
2023-09-04,0.06466542728089825,0.006613991371748673
2023-09-05,0.06458794669112106,-0.001198176414123453
2023-09-06,0.06389489719280385,-0.010730322510972168
2023-09-07,0.06478144275695089,0.013875060499305203
2023-09-08,0.06513780863010163,0.005501048726064495
2023-09-11,0.06472882975744995,-0.006278671039950834
2023-09-12,0.062291965668793574,-0.03764727553066738
2023-09-13,0.062260089374968165,-0.0005117239997673995
2023-09-14,0.06169998184270166,-0.00899625326416087
2023-09-15,0.06117141045741924,-0.008566799689341376
2023-09-18,0.061004754847705824,-0.002724403581137347
2023-09-20,0.0611842659072984,0.002942574886838134
2023-09-21,0.06010798364441563,-0.0175908339656059
2023-09-22,0.059963874544078,-0.0023975034862281364
2023-09-25,0.05960910152758564,-0.005916445846600116
2023-09-26,0.05925879565124219,-0.005876717940151099
2023-09-27,0.05907497609910288,-0.0031019792103293975
2023-09-28,0.05825471758354116,-0.013885041852334856
2023-09-29,0.058030590137927614,-0.0038473698768195508
2023-10-03,0.0573962033176977,-0.010931938116122808
2023-10-04,0.05655784926525017,-0.014606437429442898
2023-10-05,0.05678563409210954,0.004027466210588804
2023-10-06,0.05651224855936347,-0.004814343224601836
2023-10-09,0.056056651773764496,-0.008061912190954423
2023-10-10,0.056095333571402686,0.0006900483067433516
2023-10-11,0.05581116423080767,-0.005065828519110305
2023-10-12,0.05550684301387199,-0.00545269429745554
2023-10-13,0.05588266219930713,0.006770682046197907
2023-10-16,0.05559994475531112,-0.005059126263306735
2023-10-17,0.05555888871315695,-0.0007384187580554702
2023-10-18,0.05498861637972821,-0.01026428617701447
2023-10-19,0.05510460210139922,0.0021092678686449595
2023-10-20,0.05506144045813234,-0.0007832674880303703
2023-10-23,0.054177580745470084,-0.016052244643587343
2023-10-25,0.05379257616363471,-0.0071063450330893785
2023-10-26,0.05261350815743276,-0.021918786760003472
2023-10-27,0.05325131483955264,0.012122489156423555
2023-10-30,0.05259520834088393,-0.012320944574712778
2023-10-31,0.05236864185588143,-0.004307740042287955
2023-11-01,0.05237511723039907,0.00012364984632329268
2023-11-02,0.05231778190380289,-0.001094705456103573
2023-11-03,0.05225097882531712,-0.0012768713820590083
2023-11-06,0.05227425943192336,0.00044555350214725564
2023-11-07,0.052522564341075426,0.004750041642874514
2023-11-08,0.05268615289122324,0.0031146337236218624
2023-11-09,0.05213397905486098,-0.010480435675428557
2023-11-10,0.05202347977417949,-0.002119525167361802
2023-11-13,0.052671276834001336,0.012452013256970984
2023-11-15,0.052842309541869165,0.0032471722378566437
2023-11-16,0.052738134314295755,-0.0019714359284555005
2023-11-17,0.05279610852848214,0.0010992845109174532
2023-11-20,0.052386028034084285,-0.007767248492881462
2023-11-21,0.052265391047602264,-0.0023028465987826596
2023-11-22,0.05236462147420092,0.0018985876621162578
2023-11-23,0.05203318353742601,-0.006329424856784338
2023-11-24,0.05182206927042229,-0.004057300604178415
2023-11-28,0.05209412525757802,0.00524980941490516
2023-11-29,0.05235124874246011,0.004935748198299672
2023-11-30,0.05249304204554493,0.0027084989659438286
2023-12-01,0.052546825115780474,0.0010245752225386262
2023-12-04,0.05276461508293371,0.0041446836544998256
2023-12-05,0.05426473671793833,0.02843044780383175
2023-12-06,0.053403751375821984,-0.015866387532508353
2023-12-07,0.05308582896241667,-0.005953185033163222
2023-12-08,0.052579038910988446,-0.009546616513929074
2023-12-11,0.05268322018780255,0.0019814222353982114
2023-12-12,0.05281843992714952,0.002566656686226576
2023-12-13,0.05263141643768051,-0.0035408749241166992
2023-12-14,0.052463881434375664,-0.003183174891430496
2023-12-15,0.05412056818526186,0.03157766268129558
2023-12-18,0.05407082699527451,-0.0009190810750006051
2023-12-19,0.053543681478846555,-0.00974916689315708
2023-12-20,0.05184275791558248,-0.03176702677674592
2023-12-21,0.05208151826056065,0.004605471517679538
2023-12-22,0.0521641036033023,0.0015856938411142885
2023-12-26,0.05322886832234855,0.020411828163358736
2023-12-27,0.05328867919792269,0.0011236548410522573
2023-12-28,0.05349163553892988,0.003808620218440417
2023-12-29,0.05296848094703655,-0.0097801195761269
2024-01-01,0.052706009361441215,-0.0049552409452289226
2024-01-02,0.05243729935074298,-0.005098280328064697
2024-01-03,0.051636035588258564,-0.015280416276302167
2024-01-04,0.05124265791713649,-0.00761827794563541
2024-01-05,0.051133983142713155,-0.0021207872276857165
2024-01-08,0.05078351703205376,-0.006853878558242821
2024-01-09,0.05043533439190543,-0.006856213600341277
2024-01-10,0.050143973489595275,-0.005776920205309843
2024-01-11,0.04988922432207718,-0.005080354622693739
2024-01-12,0.05040566997315719,0.010351847680491355
2024-01-15,0.049777194371029274,-0.012468351327590721
2024-01-16,0.04919189227594437,-0.011758438828877615
2024-01-17,0.0495658818286474,0.007602666524904489
2024-01-18,0.04963651983998973,0.001425133756048691
2024-01-19,0.04989110547434793,0.005128998470861568
2024-01-23,0.04882546825613734,-0.021359262499374698
2024-01-24,0.049120233726701344,0.006037125317829517
2024-01-25,0.048481661255614365,-0.013000192031656699
2024-01-29,0.04862805501259337,0.0030195697339485683
2024-01-30,0.047426538814121365,-0.024708292325507197
2024-01-31,0.047791206659306334,0.00768910939535794
2024-02-01,0.04723337535594974,-0.011672258190366658
2024-02-02,0.04767689356044492,0.009389932460952322
2024-02-05,0.048092505469953896,0.008717260678531069
2024-02-06,0.048473297404058514,0.007917905926995594
2024-02-07,0.04789602326319727,-0.011909116395554031
2024-02-08,0.04773495548993127,-0.003362863183461018
2024-02-09,0.04738659182629968,-0.007297873435852975
2024-02-12,0.04608146123870886,-0.027542191520650072
2024-02-13,0.04602080429894728,-0.0013162980975661709
2024-02-14,0.046502846474872815,0.010474440489875558
2024-02-15,0.046754731556638146,0.005416551907235112
2024-02-16,0.04724336591530445,0.010451014098420863
2024-02-19,0.046958787728288945,-0.006023664518859384
2024-02-20,0.04656176830879178,-0.008454635196172067
2024-02-21,0.045569183578436326,-0.021317590942267484
2024-02-22,0.045635817580958256,0.0014622601786848932
2024-02-23,0.0452685756254881,-0.00804723077040681
2024-02-26,0.04504391525401371,-0.0049628327900800295
2024-02-27,0.04538480601542515,0.007567964718188325
2024-02-28,0.04469579478222047,-0.015181539675866329
2024-02-29,0.04461105257274031,-0.001895977236629709
2024-03-01,0.0440048462849893,-0.013588701740730347
2024-03-04,0.04352139755937568,-0.010986260978680717
2024-03-05,0.043427950950895806,-0.002147141721549395
2024-03-06,0.04302800997726888,-0.009209298732034132
2024-03-07,0.043384096815171545,0.008275698506409634
2024-03-11,0.04225223342758721,-0.02608936155583441
2024-03-12,0.04173018694947806,-0.012355476521823228
2024-03-13,0.041133615701334766,-0.014295916020351185
2024-03-14,0.04139153537228151,0.006270289313233812
2024-03-15,0.041316156941472226,-0.0018211073866025718
2024-03-18,0.041141583629759136,-0.004225303722231177
2024-03-19,0.04062416495779956,-0.012576537563938395
2024-03-20,0.040688508052032474,0.0015838625680000273
2024-03-21,0.04068846595694255,-1.034569512059491e-06
2024-03-22,0.041166068434807385,0.01173803107667526
2024-03-26,0.040920672140215046,-0.00596113022017053
2024-03-27,0.04089997266562408,-0.0005058439538832005
2024-03-28,0.041111767906625275,0.005178371211460586
2024-04-01,0.040952936200764886,-0.0038634122040466234
2024-04-02,0.04096368061322367,0.00026236000286061767
2024-04-03,0.040806692081640436,-0.003832383448780119
2024-04-04,0.040459392033373204,-0.008510860120011787
2024-04-05,0.04025878052004356,-0.004958342259917536
2024-04-08,0.040037511519314964,-0.005496167491174542
2024-04-09,0.03982438847584115,-0.005323084162485836
2024-04-10,0.03995163662433713,0.0031952317001218145
2024-04-12,0.03979508161476137,-0.0039186131734185725
2024-04-15,0.03986583988384637,0.0017780656858548127
2024-04-16,0.040470571558272966,0.015169169298540952
2024-04-18,0.03999196784221731,-0.01182596878738218
2024-04-19,0.04017624952435132,0.004607967351370812
2024-04-22,0.04006832808463733,-0.0026861999562347583
2024-04-23,0.040285233721820995,0.00541339375891825
2024-04-24,0.040018404299156464,-0.0066235043963515094
2024-04-25,0.04023053363016299,0.005300794340043158
2024-04-26,0.03968809214170978,-0.013483328196435274
2024-04-29,0.039753381903874535,0.001645071824859512
2024-04-30,0.03953911461530758,-0.005389913469124763
2024-05-02,0.03980109468275035,0.006625845570688238
2024-05-03,0.039630603314749636,-0.004283584895332204
2024-05-06,0.03878330980585835,-0.021379778202264887
2024-05-07,0.0386199706567145,-0.004211583538421326
2024-05-08,0.038483275358536954,-0.0035394977223727198
2024-05-09,0.03743882012668717,-0.02714049732302959
2024-05-10,0.03769233431375941,0.006771425654291008
2024-05-13,0.03777034229104891,0.0020695979357538974
2024-05-14,0.03746047226328081,-0.008204056647946767
2024-05-15,0.037596322230480234,0.0036264883753904797
2024-05-16,0.03783361604647287,0.006311623103396391
2024-05-17,0.03794381387794727,0.002912696247142854
2024-05-21,0.03838724513045488,0.011686522971412039
2024-05-22,0.038126678802985745,-0.006787836078979703
2024-05-23,0.03849907391072202,0.009767310435314203
2024-05-24,0.03826912229038015,-0.0059729130335736125
2024-05-27,0.03787580598817088,-0.010277641050266406
2024-05-28,0.03764368565941995,-0.006128459123045937
2024-05-29,0.0375547854177288,-0.002361624270680429
2024-05-30,0.0374571478313284,-0.0025998707039426305
2024-05-31,0.0369005342898414,-0.014860008668931779
2024-06-03,0.03635690667153947,-0.014732242466515943
2024-06-04,0.03133151295250729,-0.13822390789275008
2024-06-05,0.03203951143288464,0.022597009006572577
2024-06-06,0.03158517439079186,-0.014180523415424418
2024-06-07,0.03199382490679059,0.012938048431920812
2024-06-10,0.031228372077940818,-0.02392501775201339
2024-06-11,0.03121733266862443,-0.0003535057571631972
2024-06-12,0.031113524730771034,-0.0033253301605018493
2024-06-13,0.031090175998679817,-0.0007504367407182855
2024-06-14,0.031165966977034835,0.002437779006404961
2024-06-18,0.031146540129664835,-0.0006233352998260555
2024-06-19,0.030579191298637884,-0.018215468834260395
2024-06-20,0.030549573884139074,-0.0009685479975439781
2024-06-21,0.03026712029745842,-0.009245745546300421
2024-06-24,0.030295812545701708,0.0009479675622030559
2024-06-25,0.0304080666670449,0.0037052685473892844
2024-06-26,0.03034060136255106,-0.0022186647126419823
2024-06-27,0.03066922600866928,0.01083118433255037
2024-06-28,0.03085564661367431,0.006078425485936068
2024-07-01,0.031029338509350274,0.005629176981790662
2024-07-02,0.031103292496389053,0.0023833568677751327
2024-07-03,0.031029965647721126,-0.002357526897721174
2024-07-04,0.030821519679966533,-0.006717570045711607
2024-07-05,0.030794603929228486,-0.000873277859674837
2024-07-08,0.030574578224688335,-0.007144943479247545
2024-07-09,0.030518959486368263,-0.001819117108054158
2024-07-10,0.03037936242787518,-0.004574109368159718
2024-07-11,0.030164403282437684,-0.007075828070712165
2024-07-12,0.030001805343427317,-0.0053903913658731595
2024-07-15,0.029478617945152035,-0.017438530524627294
2024-07-16,0.02950023450149738,0.0007332961262147553
2024-07-18,0.029535524707850556,0.0011962686720807802
2024-07-19,0.02922891123864991,-0.010381175626080874
2024-07-22,0.02905504305887949,-0.005948500043358007
2024-07-23,0.029164564603450172,0.00376945043064425
2024-07-24,0.029052986344017078,-0.0038258160528099605
2024-07-25,0.029165527351295586,0.003873646789555707
2024-07-26,0.029716528557958963,0.018892207914728454
2024-07-29,0.0296513677159301,-0.002192747443624632
2024-07-30,0.02975216933620661,0.0033995605613279523
2024-07-31,0.029852238774789836,0.0033634333501002533
2024-08-01,0.029656661097790003,-0.006551524610107218
2024-08-02,0.02911971194365062,-0.018105516071713068
2024-08-05,0.02882284242006773,-0.01019479602536455
2024-08-06,0.02888823513964361,0.00226878108074291
2024-08-07,0.028761287892835597,-0.004394427219051589
2024-08-08,0.028290108340632846,-0.01638242188452632
2024-08-09,0.028185468960145208,-0.0036987974463620343
2024-08-12,0.028319037237222715,0.004738905613611566
2024-08-13,0.02782013948050207,-0.017617045118500374
2024-08-14,0.027270247929239252,-0.01976595234715528
2024-08-16,0.0275361999072423,0.009752459115631718
2024-08-19,0.027525928352094855,-0.00037302006747641503
2024-08-20,0.027714625327315976,0.00685524472807697
2024-08-21,0.027948313563606816,0.0084319464373388
2024-08-22,0.027805738859595606,-0.005101370559863261
2024-08-23,0.02744843544956161,-0.01284998797687742
2024-08-26,0.02746261814348129,0.0005167031813431144
2024-08-27,0.027368586343300305,-0.003423992559256628
2024-08-28,0.027323727128437017,-0.001639076797778083
2024-08-29,0.02740238250849206,0.002878647546336488
2024-08-30,0.027427890400496133,0.0009308640223588682
2024-09-02,0.027292805915045057,-0.004925077484217777
2024-09-03,0.027240548084471728,-0.001914710811925735
2024-09-04,0.02738841629979458,0.005428239360835141
2024-09-05,0.027453495954550596,0.002376174439721268
2024-09-06,0.027390426184694932,-0.0022973310925529233
2024-09-09,0.027395271317735777,0.00017689148055510806
2024-09-10,0.027321586519386976,-0.00268969040292355
2024-09-11,0.02727822372357938,-0.0015871258346152883
2024-09-12,0.027552296374719024,0.010047305642659321
2024-09-13,0.027317444627852936,-0.008523853825903926
2024-09-16,0.02704427895819555,-0.009999678717344862
2024-09-17,0.02701440839383001,-0.0011045058517444861
2024-09-18,0.02676231648844063,-0.009331757398283735
2024-09-19,0.02666553893573723,-0.0036161874382286685
2024-09-20,0.026655457428078524,-0.00037807252585453366
2024-09-23,0.026638229657883507,-0.000646313057710679
2024-09-24,0.026671734302610297,0.0012577654430152574
2024-09-25,0.02674456833660144,0.0027307573315176192
2024-09-26,0.027143293861596793,0.014908654347195904
2024-09-27,0.027067438257333886,-0.002794635192386541
2024-09-30,0.026929846473089502,-0.005083295394868181
2024-10-01,0.026763374867037313,-0.006181676758482135
2024-10-03,0.026653105124873733,-0.00412017328574632
2024-10-04,0.02641152522537632,-0.009063855725836678
2024-10-07,0.026197834740608727,-0.008090804409973229
2024-10-08,0.026344418542782865,0.005595264021836188
2024-10-09,0.026288946898155613,-0.002105631769293681
2024-10-10,0.02577263916459291,-0.019639726747628927
2024-10-11,0.02595573930703908,0.007104438985733319
2024-10-14,0.026126334547239897,0.006572544059823882
2024-10-15,0.025547052145085777,-0.02217235644390525
2024-10-16,0.02553211022545966,-0.0005848784251606398
2024-10-17,0.025217450811072146,-0.01232406611161141
2024-10-18,0.02531376612212457,0.0038193912530657403
2024-10-21,0.02504447319028064,-0.010638200990905289
2024-10-22,0.024628079419257244,-0.016626174080794476
2024-10-23,0.02460808857987939,-0.0008117092298404183
2024-10-24,0.024650168213743,0.001709991969795377
2024-10-25,0.024414813551486097,-0.009547791326052213
2024-10-28,0.02439620185913142,-0.0007623114678073639
2024-10-29,0.02454966067432154,0.006290274858202105
2024-10-30,0.024644629144342227,0.0038684229195893316
2024-10-31,0.024458461791064406,-0.0075540740413437835
2024-11-01,0.024385796890275088,-0.002970951379120068
2024-11-04,0.023955095087218027,-0.01766199419256309
2024-11-05,0.02407364553782452,0.004948861616907108
2024-11-06,0.02416087330394169,0.003623371706629186
2024-11-07,0.023697661952816047,-0.01917196225891693
2024-11-08,0.023598508234526416,-0.004184113963945246
2024-11-11,0.02337299204308712,-0.009556374885991703
2024-11-12,0.02263873949010517,-0.03141457249582702
2024-11-13,0.022508794100435905,-0.005739956932057089
2024-11-14,0.022513574803347217,0.00021239267150341412
2024-11-18,0.022288574225966997,-0.009993996037749087
2024-11-19,0.022265109320008327,-0.0010527773432601473
2024-11-21,0.022157099200673245,-0.004851093151292951
2024-11-22,0.022606390946650314,0.020277552666434717
2024-11-25,0.022376918953078247,-0.01015075754965078
2024-11-26,0.02211673365676017,-0.011627395928083484
2024-11-27,0.02201500611252761,-0.004599573599398443
2024-11-28,0.021603683902878795,-0.018683719983831892
2024-11-29,0.02156511385018248,-0.0017853460951247069
2024-12-02,0.021594191621906397,0.0013483708885528856
2024-12-03,0.021893603841750826,0.013865405340790282
2024-12-04,0.021552056061788158,-0.015600345307762442
2024-12-05,0.0216061105628353,0.002508090220820325
2024-12-06,0.021649645206248586,0.0020149227361712096
2024-12-09,0.02137795103144782,-0.012549590176302305
2024-12-10,0.021267343273071372,-0.0051739176600105186
2024-12-11,0.021304521793992635,0.0017481506948890946
2024-12-12,0.02119855689790682,-0.004973821853898497
2024-12-13,0.02153242794049823,0.015749706180441914
2024-12-16,0.02148209555138467,-0.0023375157345305597
2024-12-17,0.02115289040495207,-0.01532462909147525
2024-12-18,0.021165093241834916,0.0005768874441853811
2024-12-19,0.021601305113991952,0.020609966947597425
2024-12-20,0.021138769047406587,-0.02141241300673835
2024-12-23,0.02103480484222767,-0.004918176878973557
2024-12-24,0.02098524346268555,-0.002356160654394368
2024-12-26,0.021001800737108934,0.0007889960606282109
2024-12-27,0.021015234015653663,0.0006396250832432226
2024-12-30,0.020698399748183847,-0.015076409200764251
2024-12-31,0.020744347416631947,0.0022198657387575427
2025-01-01,0.02070659640979705,-0.0018198213747918635
2025-01-02,0.021145151776047626,0.021179500366514947
2025-01-03,0.0211191352433324,-0.001230378149600031
2025-01-06,0.020673108293664755,-0.02111956500721124
2025-01-07,0.02073581810609149,0.0030334002771104096
2025-01-08,0.020763690789704716,0.0013441805609317736
2025-01-09,0.02058356128002057,-0.008675216343207226
2025-01-10,0.020618418970573402,0.0016934722849279993
2025-01-13,0.02048292983500128,-0.006571266970832879
2025-01-14,0.019719233351988327,-0.037284533470790304
2025-01-15,0.019631963223978664,-0.0044256349347812085
2025-01-16,0.01962205715617332,-0.0005045887511263558
2025-01-17,0.019641629747825358,0.0009974790867368633
2025-01-20,0.019427001468343502,-0.01092721338490854
2025-01-21,0.018967674971838946,-0.023643715539582
2025-01-22,0.01879947152099848,-0.008867900314097343
2025-01-23,0.018874788541957163,0.004006337139560445
2025-01-24,0.018777716123986415,-0.005142967178411784
2025-01-27,0.01859948429169299,-0.00949166720364647
2025-01-28,0.018468332195066543,-0.007051383499112496
2025-01-29,0.01859926548769896,0.0070896110839611115
2025-01-30,0.01868776607067389,0.004758283763058202
2025-01-31,0.018925917177032785,0.01274369046884738
2025-02-01,0.01896966091216676,0.0023113138837498326
2025-02-03,0.019054827128882974,0.0044896014278035246
2025-02-04,0.01898052798757201,-0.003899229355817213
2025-02-05,0.019083439653847845,0.005421960144797788
2025-02-06,0.01894561771212421,-0.007222070246431844
2025-02-07,0.018726627834168008,-0.011558867136649886
2025-02-10,0.018378063863754623,-0.018613280164483492
2025-02-11,0.018214398127472328,-0.008905493935358333
2025-02-12,0.018128782450919086,-0.004700439506925558
2025-02-13,0.018283466210415093,0.008532495765492865
2025-02-14,0.018077128737061448,-0.011285468027725898
2025-02-17,0.01816679656617951,0.004960291560806684
2025-02-18,0.018121229685322975,-0.0025082507359257544
2025-02-19,0.018005526644270225,-0.006384944237336265
2025-02-20,0.018232404912698463,0.012600479447816504
2025-02-21,0.018281238957098916,0.0026784203528982253
2025-02-24,0.018260205425673193,-0.0011505528413627841
2025-02-25,0.01804807851975444,-0.011616895920596337
2025-02-27,0.01789866881932759,-0.008278426995057209
2025-02-28,0.01754019990731737,-0.020027685613308588
2025-03-03,0.01729915335893529,-0.013742520020055271
2025-03-04,0.01743697668934087,0.007967056395531191
2025-03-05,0.017720462200294836,0.016257721507837886
2025-03-06,0.01798994668282419,0.015207531241756778
2025-03-07,0.01795081336926583,-0.0021752879120938706
2025-03-10,0.017749634923818366,-0.011207205005646537
2025-03-11,0.017935081834612177,0.0104479281737202
2025-03-12,0.017879012121212224,-0.003126259133746756
2025-03-13,0.017700202639118662,-0.010001082883176582
2025-03-17,0.01781182984478236,0.006306549588138255
2025-03-18,0.01778333091703071,-0.0016000000000000458
2025-03-19,0.01773410090123943,-0.0027683236633769814
2025-03-20,0.017669575266794108,-0.0036385061077899294
2025-03-21,0.017811383482598694,0.008025558829989565
2025-03-24,0.01784221712220028,0.001731119855552521
2025-03-25,0.01769129677430533,-0.008458609536096673
2025-03-26,0.017427906253428976,-0.014888141001562993
2025-03-27,0.017667261504449472,0.013734022179135996
2025-03-28,0.017661387211324858,-0.0003324959628369095
2025-04-01,0.017512433447185147,-0.008433865491845327
2025-04-02,0.017546434202809186,0.0019415209043665005
2025-04-03,0.017793958585914607,0.014106819667428105
2025-04-04,0.017308178017095548,-0.02730030906127856
2025-04-07,0.01800978882835913,0.04053637595884396
2025-04-08,0.018168322174092044,0.008802621021479107
2025-04-09,0.018378333451842963,0.011559200444518414
2025-04-11,0.0184249645106446,0.0025372844019739826
2025-04-15,0.01834515423141409,-0.0043316381523774705
2025-04-16,0.018481974355100975,0.007458107027118466
2025-04-17,0.01876174741595342,0.015137617630944789
2025-04-21,0.018920682540260157,0.00847123249146775
2025-04-22,0.018832771403839134,-0.004646298368674695
2025-04-23,0.018628160274090387,-0.010864631941905012
2025-04-24,0.018541795050475936,-0.004636272307286027
2025-04-25,0.018320582919388692,-0.011930459293991946
2025-04-28,0.018330414198847875,0.0005366248171492227
2025-04-29,0.018202044520346607,-0.007003097535533964
2025-04-30,0.01827326339551739,0.003912685472841959
2025-05-02,0.018335327887837812,0.0033964646038893154
2025-05-05,0.01845151025225417,0.006336530501503734
2025-05-06,0.018024053520534405,-0.02316649021548478
2025-05-07,0.018347126267526933,0.01792453327019139
2025-05-08,0.018003629392251575,-0.0187221077713583
2025-05-09,0.018404033675737317,0.022240198060179406
2025-05-12,0.018547058475510147,0.0077713832898156365
2025-05-13,0.018167708944765538,-0.02045335281848104
2025-05-14,0.018186676986659954,0.001044052497322756
2025-05-15,0.0185968830030368,0.022555303350784595
2025-05-16,0.01845473484530426,-0.007643654999030081
2025-05-19,0.018500894625115755,0.0025012431876385577
2025-05-20,0.018045672518498337,-0.024605410486443935
2025-05-21,0.018002891515325185,-0.00237070705618192
2025-05-22,0.017944487494451492,-0.003244146687435001
2025-05-23,0.018100792334641732,0.008710465553199542
2025-05-26,0.01811989651220396,0.0010554332213217332
2025-05-27,0.017924479169333946,-0.01078468316518244
2025-05-28,0.017961914370196612,0.002088495878123542
2025-05-29,0.017887734294643277,-0.0041298535347890075
2025-05-30,0.017718103041226774,-0.0094831044906174
2025-06-02,0.017635595902162193,-0.004656657593231195
2025-06-03,0.017346097818285992,-0.016415554398176435
2025-06-04,0.017288527257850312,-0.0033189343815984707
2025-06-05,0.017375681302691383,0.005041149170268211
2025-06-06,0.017666370916006296,0.016729681458296897
2025-06-09,0.017673426668929636,0.00039938892695534634
2025-06-10,0.017579212531326435,-0.005330835913605392
2025-06-11,0.017604135335361096,0.0014177429159725197
2025-06-12,0.0173002322188293,-0.017263166338045144
2025-06-13,0.017466589932621488,0.009615923745296628
2025-06-16,0.017749268223314785,0.01618394270339807
2025-06-17,0.017569485337815927,-0.01012903085563277
2025-06-18,0.017407472976753345,-0.009221235451551513
2025-06-19,0.01743621881969857,0.0016513507149265028
2025-06-20,0.017516677320914994,0.004614446632519087
2025-06-23,0.01748363849686772,-0.0018861353350286825
2025-06-24,0.017389159742758717,-0.005403838230007452
2025-06-25,0.017378472796187577,-0.0006145752140548355
2025-06-26,0.017588092526249117,0.012062034018750278
2025-06-27,0.01756343690847737,-0.0014018358008378584
2025-06-30,0.01754606840818765,-0.0009889009981491892
2025-07-01,0.017578476278395,0.0018470160638510702
2025-07-02,0.017481210248012843,-0.0055332458195880285
2025-07-03,0.017436676612914717,-0.0025475144149810225
2025-07-04,0.017349279691482474,-0.005012246506166829
2025-07-07,0.017315923633678513,-0.0019226191748086263
2025-07-08,0.01733262022590618,0.0009642334177999423
2025-07-09,0.017280820089730777,-0.00298859234785398
2025-07-10,0.01710358364779743,-0.010256251787417847
2025-07-11,0.017018922818090424,-0.004949888365524346
2025-07-14,0.016905538692604395,-0.006662238656227171
2025-07-15,0.01681176089205722,-0.0055471642904938445
2025-07-16,0.01670283371746532,-0.006479224591123045
2025-07-17,0.01671844812701683,0.0009348359575167553
2025-07-18,0.016481601392751816,-0.014166789433181504
2025-07-21,0.01645561288364326,-0.001576819417558828
2025-07-22,0.016347764956451207,-0.006553868759227699
2025-07-23,0.01631900123989991,-0.0017594892407568619
2025-07-24,0.01627894502767467,-0.0024545749850977128
2025-07-25,0.016033947555504732,-0.015049960040619093
2025-07-28,0.015982851394841704,-0.003186748646030524
2025-07-29,0.015996968534196035,0.0008832678854091558
2025-07-30,0.0158798461386935,-0.0073215369057060276
2025-07-31,0.015907034993928305,0.0017121611253243518
2025-08-01,0.01570062193408646,-0.012976212092362438
2025-08-04,0.015774736290371086,0.0047204726408782705
2025-08-05,0.015855149815258252,0.005097614527873384
2025-08-06,0.015575421031413473,-0.01764277140891979
2025-08-07,0.015679492665201675,0.006681786230902098
2025-08-08,0.015422495240812541,-0.016390672190529587
