Date,equity
2019-08-13,1.0
2019-08-14,1.0
2019-08-16,1.0
2019-08-19,1.0
2019-08-20,1.0
2019-08-21,1.0
2019-08-22,1.0
2019-08-23,1.0
2019-08-26,1.0
2019-08-27,1.0
2019-08-28,1.0
2019-08-29,1.0
2019-08-30,1.0
2019-09-03,1.0
2019-09-04,1.0
2019-09-05,1.0
2019-09-06,1.0
2019-09-09,1.0
2019-09-11,1.0
2019-09-12,1.0112415562555295
2019-09-13,0.9876654203238014
2019-09-16,0.9784362196683668
2019-09-17,0.9848292552130753
2019-09-18,0.9815564419965228
2019-09-19,0.9793589652710283
2019-09-20,0.9665291625639796
2019-09-23,1.01767349425897
2019-09-24,1.052775784379297
2019-09-25,1.0389045275686215
2019-09-26,1.0223413374788342
2019-09-27,1.0316547680142252
2019-09-30,1.0097395873538082
2019-10-01,1.0221257233839975
2019-10-03,0.9871222745069073
2019-10-04,1.0079300611755693
2019-10-07,0.9807218665908733
2019-10-09,0.9657002838164529
2019-10-10,0.9708023646435893
2019-10-11,0.9665601593612763
2019-10-14,0.9745072049404786
2019-10-15,0.9762096650881128
2019-10-16,0.9814487081007928
2019-10-17,0.982937221079749
2019-10-18,0.9854652533507166
2019-10-22,0.9812168503468497
2019-10-23,0.9892464183555426
2019-10-24,0.9930863221576554
2019-10-25,0.9861375525980717
2019-10-27,0.9911998184780354
2019-10-29,0.9836098880926865
2019-10-30,1.0279171984078572
2019-10-31,1.0239986982456422
2019-11-01,1.043393170734517
2019-11-04,1.0393713206735242
2019-11-05,1.0495265516074475
2019-11-06,1.030438664468352
2019-11-07,1.0299918233523544
2019-11-08,1.0308889147358022
2019-11-11,1.008836434684698
2019-11-13,1.0109780729256552
2019-11-14,1.0005067640338048
2019-11-15,0.990565124589361
2019-11-18,0.9996133361128531
2019-11-19,1.0125990005942278
2019-11-20,1.0167010662052336
2019-11-21,1.0117755907954917
2019-11-22,0.9861615168311729
2019-11-25,0.9766129388807281
2019-11-26,0.9979153367129576
2019-11-27,0.9735743759847306
2019-11-28,0.9703686545122665
2019-11-29,0.9675985323011556
2019-12-02,0.9731569394968819
2019-12-03,0.9683828320775033
2019-12-04,0.9460026013558458
2019-12-05,0.953434919440768
2019-12-06,0.9417652642637273
2019-12-09,0.9406197601168544
2019-12-10,0.9389578898896959
2019-12-11,0.9381277244185168
2019-12-12,0.9467348642736029
2019-12-13,0.9516110344431962
2019-12-16,0.954006229833988
2019-12-17,0.945458441858483
2019-12-18,0.956157584270356
2019-12-19,0.9457352798671289
2019-12-20,0.9590945271759068
2019-12-23,0.9641757779848845
2019-12-24,0.958534217124052
2019-12-26,0.9584038513429997
2019-12-27,0.9591692095514898
2019-12-30,0.9602488592397626
2019-12-31,0.9594231808879955
2020-01-01,0.9589569385217563
2020-01-02,0.9597063385587453
2020-01-03,0.9652232830354882
2020-01-06,0.9553079831808605
2020-01-07,0.9437472744296289
2020-01-08,0.9315682885000165
2020-01-09,0.9389520073117246
2020-01-10,0.9351415089512245
2020-01-13,0.9377294664697837
2020-01-14,0.9528467323205927
2020-01-15,0.9675845177162054
2020-01-16,0.9549711440287895
2020-01-17,0.9394469323687596
2020-01-20,0.9359608089820419
2020-01-21,0.9342854098142894
2020-01-22,0.9346769288604672
2020-01-23,0.9143137016311095
2020-01-24,0.9130461866642278
2020-01-27,0.9118655442503298
2020-01-28,0.9131176388582668
2020-01-29,0.9070908508816924
2020-01-30,0.9050317034953262
2020-01-31,0.8960864728956098
2020-02-03,0.8718901706785152
2020-02-04,0.8891733380053667
2020-02-05,0.8834516328782225
2020-02-06,0.880602082920991
2020-02-07,0.881984461998964
2020-02-10,0.8809655864498019
2020-02-11,0.8824293252238876
2020-02-12,0.8843495943558278
2020-02-13,0.8809369985614245
2020-02-14,0.8849287127768544
2020-02-17,0.8795302561524359
2020-02-18,0.878174023359905
2020-02-19,0.8718168663342131
2020-02-20,0.8706991563243349
2020-02-24,0.8664547991691691
2020-02-25,0.8602390229768369
2020-02-26,0.8479118749553121
2020-02-27,0.8383563383112139
2020-02-28,0.8215808631724001
2020-03-02,0.8237615779368798
2020-03-03,0.8172193016597037
2020-03-04,0.8264060908780988
2020-03-05,0.8227410857901031
2020-03-06,0.7987328814590255
2020-03-09,0.8032571678841571
2020-03-11,0.778557201021081
2020-03-12,0.744373204228247
2020-03-13,0.6693246035408422
2020-03-16,0.6898610806858206
2020-03-17,0.6663185084960601
2020-03-18,0.6755077550373436
2020-03-19,0.6097822201728498
2020-03-20,0.6213602946265457
2020-03-23,0.6028577247734497
2020-03-24,0.6281136645399609
2020-03-25,0.6182656091277321
2020-03-26,0.636670022689069
2020-03-27,0.6656438214237851
2020-03-30,0.6346767415007459
2020-03-31,0.6433227737293425
2020-04-01,0.6379495050556029
2020-04-03,0.6171270023044089
2020-04-07,0.6388453785722911
2020-04-08,0.6660694280972932
2020-04-09,0.7050325516571053
2020-04-13,0.7094314536812862
2020-04-15,0.7092503829157861
2020-04-16,0.6844760652260977
2020-04-17,0.7205119140070327
2020-04-20,0.7044447300386882
2020-04-21,0.6464576867345848
2020-04-22,0.6267921553662668
2020-04-23,0.6365441344743996
2020-04-24,0.6299576962009175
2020-04-27,0.6422389094013405
2020-04-28,0.6556293674822289
2020-04-29,0.6497991783645012
2020-04-30,0.6705320125317802
2020-05-04,0.6411620147101191
2020-05-05,0.6410623435285213
2020-05-06,0.6351714827711208
2020-05-07,0.6373402325856714
2020-05-08,0.63716247972324
2020-05-11,0.6275465600691424
2020-05-12,0.6159829184119856
2020-05-13,0.643641923493548
2020-05-14,0.6186017904267183
2020-05-15,0.6332472646618483
2020-05-18,0.6237174980853839
2020-05-19,0.5994039393853904
2020-05-20,0.6156680971983309
2020-05-21,0.6247975698621222
2020-05-22,0.621183306349878
2020-05-26,0.6182812330942539
2020-05-27,0.6163058451324874
2020-05-28,0.6227533549098375
2020-05-29,0.6314719472197156
2020-06-01,0.660341795701494
2020-06-02,0.659144787133538
2020-06-03,0.6768850826946856
2020-06-04,0.6683499677347953
2020-06-05,0.6581299172133235
2020-06-08,0.6974260131649309
2020-06-09,0.6951246199125394
2020-06-10,0.6751753489575549
2020-06-11,0.6635368814117596
2020-06-12,0.6238313176219495
2020-06-15,0.658124356598803
2020-06-16,0.6578888270769779
2020-06-17,0.6398395609030778
2020-06-18,0.6411335745533902
2020-06-19,0.651464799908176
2020-06-22,0.6764036285042073
2020-06-23,0.6829666905352788
2020-06-24,0.6950374964400005
2020-06-25,0.653342544356371
2020-06-26,0.6719405634458835
2020-06-29,0.6609955202977386
2020-06-30,0.6591084223026203
2020-07-01,0.6554396753038708
2020-07-02,0.6556918280814907
2020-07-03,0.6523555895210497
2020-07-06,0.6601039647973947
2020-07-07,0.6626146062614011
2020-07-08,0.6626852560116748
2020-07-09,0.6563200070862474
2020-07-10,0.6608074425705205
2020-07-13,0.6675507505553366
2020-07-14,0.6594991715975987
2020-07-15,0.6608127878364198
2020-07-16,0.649662849344299
2020-07-17,0.6433288716707718
2020-07-20,0.6412899779445849
2020-07-21,0.6616857162552295
2020-07-22,0.6617747817234618
2020-07-23,0.6426507574596338
2020-07-24,0.6402974241178068
2020-07-27,0.6397319969394984
2020-07-28,0.6341129241072885
2020-07-29,0.6392098310142543
2020-07-30,0.6361139089542246
2020-07-31,0.6295438750994796
2020-08-03,0.6369882184369171
2020-08-04,0.6267996572518364
2020-08-05,0.6363848088664549
2020-08-06,0.6333021398009715
2020-08-07,0.6425141238130732
2020-08-10,0.6600903010453573
2020-08-11,0.6671886569580661
2020-08-12,0.6562988721308545
2020-08-13,0.6604786214184903
2020-08-14,0.6703827328119637
2020-08-17,0.6663049013754474
2020-08-18,0.6823222300699974
2020-08-19,0.6849186660787164
2020-08-20,0.6737470729556267
2020-08-21,0.702207599365001
2020-08-24,0.7079065639334261
2020-08-25,0.703410536065771
2020-08-26,0.7096044034448239
2020-08-27,0.7071206982699743
2020-08-28,0.7126753841945327
2020-08-31,0.7507449453038868
2020-09-01,0.7021434511699498
2020-09-02,0.6942479840421227
2020-09-03,0.7038329470590916
2020-09-04,0.6827368621513238
2020-09-07,0.6823402236683729
2020-09-08,0.6817904493465909
2020-09-09,0.6747188930361075
2020-09-10,0.6815338421154886
2020-09-11,0.6800812299006022
2020-09-14,0.680427073270821
2020-09-15,0.6841756341292965
2020-09-16,0.6855022009055577
2020-09-17,0.6943848256066327
2020-09-18,0.706604849044443
2020-09-21,0.7117588584746759
2020-09-22,0.6827950053752933
2020-09-23,0.6921750073790558
2020-09-24,0.6686566828547118
2020-09-25,0.6557107136125003
2020-09-28,0.6708450842339153
2020-09-29,0.6732071071257343
2020-09-30,0.6522953392153235
2020-10-01,0.6520307169386815
2020-10-05,0.6480934174340077
2020-10-06,0.6517549645704686
2020-10-07,0.6503902317120324
2020-10-08,0.6517054475850124
2020-10-09,0.6507382877279324
2020-10-12,0.6594346696900418
2020-10-13,0.6674491151494217
2020-10-14,0.6649591043008041
2020-10-15,0.6650166888794754
2020-10-16,0.6449058118090495
2020-10-19,0.6471729612011274
2020-10-20,0.6382638759484738
2020-10-21,0.650516126287236
2020-10-22,0.6398648340948335
2020-10-23,0.6505412839606448
2020-10-26,0.6545784137859556
2020-10-27,0.6567414000581265
2020-10-28,0.676261948729151
2020-10-29,0.6586610829002378
2020-10-30,0.6639997083149114
2020-11-02,0.6611170215774249
2020-11-03,0.661598271778793
2020-11-04,0.6651351541851305
2020-11-05,0.6777046484714871
2020-11-06,0.6841685352774105
2020-11-09,0.6965989125038239
2020-11-10,0.7131001299233382
2020-11-11,0.711343416721257
2020-11-12,0.7115501620235524
2020-11-13,0.7058173908257442
2020-11-14,0.7372577217233427
2020-11-17,0.7403652918392661
2020-11-18,0.7381902249956488
2020-11-19,0.7348736808814813
2020-11-20,0.7341215127026628
2020-11-23,0.7584311805804838
2020-11-24,0.7605723144079725
2020-11-25,0.7730425236628832
2020-11-26,0.7657639399431948
2020-11-27,0.7726147279977903
2020-12-01,0.7635767783930583
2020-12-02,0.7563227720019983
2020-12-03,0.7800784991932949
2020-12-04,0.7888544650767921
2020-12-07,0.79216257248953
2020-12-08,0.7940394384115966
2020-12-09,0.7809860356981536
2020-12-10,0.7745129734785392
2020-12-11,0.7650378947509492
2020-12-14,0.7599259446915664
2020-12-15,0.7706872040627241
2020-12-16,0.7733001140121011
2020-12-17,0.776865174185087
2020-12-18,0.7711858393863746
2020-12-21,0.7608759899886097
2020-12-22,0.7445512844792409
2020-12-23,0.7584530502916446
2020-12-24,0.767529769216616
2020-12-28,0.7605478214677162
2020-12-29,0.764664139501325
2020-12-30,0.7547997360647787
2020-12-31,0.7509681622593769
2021-01-01,0.7490054279413894
2021-01-04,0.7578346715509655
2021-01-05,0.7550703634422392
2021-01-06,0.7586636452809018
2021-01-07,0.7542945071979176
2021-01-08,0.7614279308829176
2021-01-11,0.7561388096040087
2021-01-12,0.7575613251827787
2021-01-13,0.7716544958109719
2021-01-14,0.7648828401006393
2021-01-15,0.7805294294396483
2021-01-18,0.7735864240274163
2021-01-19,0.7743013309341812
2021-01-20,0.7792693241434926
2021-01-21,0.7974931821948832
2021-01-22,0.8029196718438629
2021-01-25,0.8144655581773099
2021-01-27,0.7898281188776141
2021-01-28,0.7765648534009852
2021-01-29,0.7848550022148787
2021-02-01,0.7700983898673613
2021-02-02,0.7805170522982845
2021-02-03,0.7922188249101441
2021-02-04,0.7978036648047332
2021-02-05,0.8224183658268823
2021-02-08,0.829005916379354
2021-02-09,0.8312495184281079
2021-02-10,0.8178092688791542
2021-02-11,0.8103503323889877
2021-02-12,0.8135507452549513
2021-02-15,0.8009319190515575
2021-02-16,0.802507878064545
2021-02-17,0.7912651646260366
2021-02-18,0.7978893535955415
2021-02-19,0.794844480627289
2021-02-22,0.7830083973294599
2021-02-23,0.7728492108514748
2021-02-24,0.7869612323577274
2021-02-25,0.7950904319276739
2021-02-26,0.8054276383517978
2021-03-01,0.8031720891608776
2021-03-02,0.8021046922317989
2021-03-03,0.802084956030139
2021-03-04,0.7856863123254623
2021-03-05,0.7911488576754824
2021-03-08,0.7927182926885181
2021-03-09,0.7908958044161525
2021-03-10,0.7973819594241583
2021-03-12,0.787917039442383
2021-03-15,0.7805211576982181
2021-03-16,0.7845810153347419
2021-03-17,0.7822391044568529
2021-03-18,0.7784236308948869
2021-03-19,0.7615295822728763
2021-03-22,0.7809582210538953
2021-03-23,0.785177567127426
2021-03-24,0.7780427742446655
2021-03-25,0.7661487084950235
2021-03-26,0.7591182339881912
2021-03-30,0.7748171903161474
2021-03-31,0.782480930625342
2021-04-01,0.7870871660981904
2021-04-05,0.8087904607160148
2021-04-06,0.8126036992187189
2021-04-07,0.812549259538431
2021-04-08,0.8141176351846661
2021-04-09,0.8341284051287092
2021-04-12,0.8167783607026655
2021-04-13,0.8046038392572586
2021-04-15,0.7828219978186497
2021-04-16,0.7852568465852283
2021-04-19,0.7815779990364331
2021-04-20,0.7971368201862239
2021-04-22,0.7998533461942217
2021-04-23,0.7939976639862302
2021-04-26,0.7873101719123262
2021-04-27,0.7933571470455495
2021-04-28,0.8014004857553587
2021-04-29,0.7992278325364778
2021-04-30,0.7924437759931799
2021-05-03,0.7892359855854697
2021-05-04,0.7994638045941107
2021-05-05,0.796636386204614
2021-05-06,0.7912040938508889
2021-05-07,0.805938870377359
2021-05-10,0.8209299320408149
2021-05-11,0.8170825200753432
2021-05-12,0.8426959935691284
2021-05-14,0.8347505597203672
2021-05-17,0.8267983448567053
2021-05-18,0.828029222849126
2021-05-19,0.8219652007346065
2021-05-20,0.8237202029242575
2021-05-21,0.8146072747684079
2021-05-24,0.8189712502779406
2021-05-25,0.8165013664534104
2021-05-26,0.8149273667941846
2021-05-27,0.8199620867520987
2021-05-28,0.8184305115225123
2021-05-31,0.8134019908082685
2021-06-01,0.8134916373715033
2021-06-02,0.8021641445337543
2021-06-03,0.8147522322707638
2021-06-04,0.814908105455757
2021-06-07,0.8156328052880389
2021-06-08,0.8245731780482892
2021-06-09,0.8273647028838468
2021-06-10,0.8253653552466457
2021-06-11,0.8222487361803884
2021-06-14,0.8172150775253026
2021-06-15,0.8133044145869851
2021-06-16,0.805233893912903
2021-06-17,0.7943126580027376
2021-06-18,0.8028245915894191
2021-06-21,0.7933917870482151
2021-06-22,0.8046399332804262
2021-06-23,0.8068069139462375
2021-06-24,0.8087425132430178
2021-06-25,0.8112941394543355
2021-06-28,0.8128045778498032
2021-06-29,0.8094068447601237
2021-06-30,0.8044860178923142
2021-07-01,0.7989702774477276
2021-07-02,0.7984280121507541
2021-07-05,0.7954743473624036
2021-07-06,0.7918229142033781
2021-07-07,0.7851810858262089
2021-07-08,0.7815822623645164
2021-07-09,0.7677194681398496
2021-07-12,0.7635879755420412
2021-07-13,0.7592791121815873
2021-07-14,0.7619685994609755
2021-07-15,0.7631670119211633
2021-07-16,0.7859844436350822
2021-07-19,0.7686736042477066
2021-07-20,0.7757711320251637
2021-07-22,0.7762194199052017
2021-07-23,0.7813699260544819
2021-07-26,0.7781953413110866
2021-07-27,0.7781437408190226
2021-07-28,0.7805024512570445
2021-07-29,0.7774952952970957
2021-07-30,0.7945992730175203
2021-08-02,0.7890363126673068
2021-08-03,0.7833843416089723
2021-08-04,0.7948507107321435
2021-08-05,0.7949656302123568
2021-08-06,0.7890913549223159
2021-08-09,0.8007117066426337
2021-08-10,0.7953121758644078
2021-08-11,0.7996366331696892
2021-08-12,0.7954600918675097
2021-08-13,0.803147966892362
2021-08-16,0.8036001970876147
2021-08-17,0.8013852981131354
2021-08-18,0.8058794612464987
2021-08-20,0.7850249275469463
2021-08-23,0.799421629780344
2021-08-24,0.7979770554541019
2021-08-25,0.7969912146774928
2021-08-26,0.7898315233584735
2021-08-27,0.7934835087006562
2021-08-30,0.8021130938385947
2021-08-31,0.8072055649656013
2021-09-01,0.8240111834626276
2021-09-02,0.8204074747228959
2021-09-03,0.8240794353067004
2021-09-06,0.8234860751943753
2021-09-07,0.823360774148713
2021-09-08,0.8213055799018951
2021-09-09,0.8096513019828484
2021-09-13,0.813861025834239
2021-09-14,0.8219888090281048
2021-09-15,0.8178515712861748
2021-09-16,0.8145831568768112
2021-09-17,0.8073004495657475
2021-09-20,0.7894826351983302
2021-09-21,0.7855375105501433
2021-09-22,0.8056442550669606
2021-09-23,0.810572395735483
2021-09-24,0.8162973714321452
2021-09-27,0.8098760039557089
2021-09-28,0.7951670167030749
2021-09-29,0.7739890614824357
2021-09-30,0.81069893426121
2021-10-01,0.80405353253368
2021-10-04,0.8206984868033859
2021-10-05,0.8249190030123198
2021-10-06,0.8338544060668895
2021-10-07,0.8326594932976545
2021-10-08,0.8185233123686688
2021-10-11,0.8143935694746272
2021-10-12,0.8266168045550935
2021-10-13,0.8533291845096592
2021-10-14,0.880467430452015
2021-10-18,0.8875530898282002
2021-10-19,0.8941176075878754
2021-10-20,0.8535323162609719
2021-10-21,0.8522288816637414
2021-10-22,0.8480831654069322
2021-10-25,0.8524015954772823
2021-10-26,0.8617881309411585
2021-10-27,0.8683204379100798
2021-10-28,0.8562285283084985
2021-10-29,0.8304692488328823
2021-11-01,0.827535238959264
2021-11-02,0.8326006735932748
2021-11-03,0.8364517351833645
2021-11-04,0.8271149969481661
2021-11-08,0.8308273796049475
2021-11-09,0.8358508506636041
2021-11-10,0.8319249933171275
2021-11-11,0.8358621685641737
2021-11-12,0.8347091072374446
2021-11-15,0.8248767400026443
2021-11-16,0.8116248907439807
2021-11-17,0.8022608521812314
2021-11-18,0.8122702109742956
2021-11-22,0.802861734937695
2021-11-23,0.7822396265056815
2021-11-24,0.7900106160476955
2021-11-25,0.7824200131178565
2021-11-26,0.7770800482977472
2021-11-29,0.7578308391125028
2021-11-30,0.7435298619307936
2021-12-01,0.7387207340161596
2021-12-02,0.7400001976094617
2021-12-03,0.7478783761764936
2021-12-06,0.7386368827283761
2021-12-07,0.726659284824768
2021-12-08,0.7351402417230815
2021-12-09,0.7419889235308398
2021-12-10,0.7391061965687318
2021-12-13,0.7443499194725713
2021-12-14,0.7325130580623697
2021-12-15,0.7319577943190925
2021-12-16,0.733840383457741
2021-12-17,0.7216031937244357
2021-12-20,0.7112431479161148
2021-12-21,0.7083466570287867
2021-12-22,0.7108457481995999
2021-12-23,0.717706595634092
2021-12-24,0.718690185808409
2021-12-27,0.719321274200623
2021-12-28,0.7278723948885267
2021-12-29,0.7302490497065323
2021-12-30,0.7325658633929544
2021-12-31,0.7330265146383677
2022-01-03,0.7329486556328616
2022-01-04,0.7413076191688059
2022-01-05,0.7295152251965438
2022-01-06,0.7329437069754805
2022-01-07,0.7436287025849719
2022-01-10,0.7391673377544613
2022-01-11,0.7486480947257976
2022-01-12,0.7545317824327302
2022-01-13,0.757944550913725
2022-01-14,0.7566224359096534
2022-01-17,0.7640403485118302
2022-01-18,0.7633206108451887
2022-01-19,0.7465004895746321
2022-01-20,0.7469276377805459
2022-01-21,0.7323575333771865
2022-01-24,0.735523911940686
2022-01-25,0.721017322656642
2022-01-27,0.7388911140484032
2022-01-28,0.7475810676805017
2022-01-31,0.7404120217414933
2022-02-01,0.7430075962581336
2022-02-02,0.7534779462775143
2022-02-03,0.7554447858373029
2022-02-04,0.7508435346495562
2022-02-07,0.7403771172750279
2022-02-08,0.7327911593898712
2022-02-09,0.7430021678319242
2022-02-10,0.7565100895264587
2022-02-11,0.7489177846436523
2022-02-14,0.7346613937412934
2022-02-15,0.7271241599158773
2022-02-16,0.7322776874481819
2022-02-17,0.7336477513257018
2022-02-18,0.7266117438885994
2022-02-21,0.7206735948783591
2022-02-22,0.699743130649734
2022-02-23,0.7056493603868915
2022-02-24,0.6837479596210361
2022-02-25,0.6798470842023435
2022-02-28,0.6769304917030537
2022-03-02,0.6853780301522382
2022-03-03,0.7210120296735784
2022-03-04,0.7159185689734004
2022-03-07,0.7014808810045139
2022-03-08,0.7125385685090632
2022-03-09,0.7041436759284233
2022-03-10,0.6871974153998013
2022-03-11,0.6837297890781745
2022-03-14,0.6944250430396016
2022-03-15,0.6921670240863
2022-03-16,0.6931224580371036
2022-03-17,0.6949953984016839
2022-03-21,0.6945667045925398
2022-03-22,0.6823943930898196
2022-03-23,0.6889251926743842
2022-03-24,0.6830469065400602
2022-03-25,0.6963871064941206
2022-03-28,0.6967748628254528
2022-03-29,0.6969736944412164
2022-03-30,0.7073591491190852
2022-03-31,0.7015924605625603
2022-04-01,0.7023069418620537
2022-04-04,0.7111748568531289
2022-04-05,0.7300494067225708
2022-04-06,0.7284946312071526
2022-04-07,0.7283058169844016
2022-04-08,0.7212103014010631
2022-04-11,0.7189353713197223
2022-04-12,0.7141340844368933
2022-04-13,0.70562613421045
2022-04-18,0.7032206761141742
2022-04-19,0.7088992836501928
2022-04-20,0.6777473362383494
2022-04-21,0.6756642604553192
2022-04-22,0.6827712578284836
2022-04-25,0.671835114457074
2022-04-26,0.6678311304971258
2022-04-27,0.6689174374323309
2022-04-28,0.6762388237137283
2022-04-29,0.666741685607201
2022-05-02,0.6572106113757027
2022-05-04,0.6566659952657145
2022-05-05,0.6464171736110187
2022-05-06,0.6287159332823
2022-05-09,0.6338990255263895
2022-05-10,0.627913471384059
2022-05-11,0.6221271142891233
2022-05-12,0.6202549394708395
2022-05-13,0.6192468466583338
2022-05-16,0.6200854887333358
2022-05-17,0.6256992388987438
2022-05-18,0.6357513962647889
2022-05-19,0.6139908180308697
2022-05-20,0.6228043725785978
2022-05-23,0.6365896366497223
2022-05-24,0.6351965809812367
2022-05-25,0.6330904279385614
2022-05-26,0.6252683411225909
2022-05-27,0.6312074467137382
2022-05-30,0.6403174460341531
2022-05-31,0.6425188613089802
2022-06-01,0.6500999421229827
2022-06-02,0.6421421003586699
2022-06-03,0.6533054802411922
2022-06-06,0.6425985969303528
2022-06-07,0.634394305264498
2022-06-08,0.6480754809193656
2022-06-09,0.6460535095073532
2022-06-10,0.6448266092385834
2022-06-13,0.629440466433341
2022-06-14,0.6209649973028963
2022-06-15,0.615932527663704
2022-06-16,0.616787425079745
2022-06-17,0.5958470718917053
2022-06-20,0.5863358908985563
2022-06-21,0.593771102571583
2022-06-22,0.5927225904791676
2022-06-23,0.5844928013606505
2022-06-24,0.5981447566775594
2022-06-27,0.6078849082168222
2022-06-28,0.6009961237874852
2022-06-29,0.6031431626398376
2022-06-30,0.6090749818231995
2022-07-01,0.5985522188445235
2022-07-04,0.578515430235805
2022-07-05,0.582961727468671
2022-07-06,0.5766827947143255
2022-07-07,0.5909600164507357
2022-07-08,0.5902254185010867
2022-07-11,0.5920950193832323
2022-07-12,0.5920556216778229
2022-07-13,0.5903873862939268
2022-07-14,0.5884546007698906
2022-07-15,0.5809613069326597
2022-07-18,0.5904263498492401
2022-07-19,0.5898889191461223
2022-07-20,0.6008834820040521
2022-07-21,0.5955076038438475
2022-07-22,0.5982851253634759
2022-07-25,0.590018142873757
2022-07-26,0.5928268124586384
2022-07-27,0.5902503734495875
2022-07-28,0.6005338774150346
2022-07-29,0.6207359437926238
2022-08-01,0.6387406862432528
2022-08-02,0.6308797640872289
2022-08-03,0.6249777992202812
2022-08-04,0.625161184455274
2022-08-05,0.6242402166051235
2022-08-08,0.6217394956345706
2022-08-10,0.6315790010522374
2022-08-11,0.6379323032490907
2022-08-12,0.6319776044854064
2022-08-16,0.6390578103868008
2022-08-17,0.6339574373247554
2022-08-18,0.645899431054618
2022-08-19,0.6427309312731161
2022-08-22,0.6289528698966698
2022-08-23,0.6151808837643675
2022-08-24,0.615916931387498
2022-08-25,0.6227657896377183
2022-08-26,0.617657444245419
2022-08-29,0.6009045149314522
2022-08-30,0.6129857955854269
2022-09-01,0.6115881491701642
2022-09-02,0.6225950116760365
2022-09-05,0.6170696164884851
2022-09-06,0.6220469180943438
2022-09-07,0.6123833049245246
2022-09-08,0.6190561637292896
2022-09-09,0.6216891400308624
2022-09-12,0.6210632590864305
2022-09-13,0.6288726692753664
2022-09-14,0.6134741809591019
2022-09-15,0.6195135882071192
2022-09-16,0.6132823295285444
2022-09-19,0.6109809596623447
2022-09-20,0.6170593738140716
2022-09-21,0.6177287833927487
2022-09-22,0.6016238792047959
2022-09-23,0.6096597860796668
2022-09-26,0.598401587467116
2022-09-27,0.5947600807593086
2022-09-28,0.5920496292576359
2022-09-29,0.6002140308023487
2022-09-30,0.5999454730435149
2022-10-03,0.5967962401070557
2022-10-04,0.6022850703714339
2022-10-06,0.6050476325749243
2022-10-07,0.6028149436263548
2022-10-10,0.5918276516173447
2022-10-11,0.5937441928135786
2022-10-12,0.5871045167562008
2022-10-13,0.5950364038680428
2022-10-14,0.601738491853919
2022-10-17,0.5913611603126339
2022-10-18,0.597381188821306
2022-10-19,0.5962152087780885
2022-10-20,0.5923443383775153
2022-10-21,0.5965349762759391
2022-10-24,0.5970817202628675
2022-10-25,0.5944488471857711
2022-10-27,0.5918197895917283
2022-10-28,0.5952557546933823
2022-10-31,0.5991583355152139
2022-11-01,0.6015201063565667
2022-11-02,0.606518314562284
2022-11-03,0.6000563366081585
2022-11-04,0.6015574021042281
2022-11-07,0.6109410561411388
2022-11-09,0.6104590253310466
2022-11-10,0.5977158144704968
2022-11-11,0.6005513357810792
2022-11-14,0.5948188890938085
2022-11-15,0.5959464221950811
2022-11-16,0.5944812698615057
2022-11-17,0.5839981041860137
2022-11-18,0.5805177118557568
2022-11-21,0.5741985824742099
2022-11-22,0.5745783070796325
2022-11-23,0.5737506543636524
2022-11-24,0.5769236562233021
2022-11-25,0.5845222530445507
2022-11-28,0.583796070555955
2022-11-29,0.5911434894459681
2022-11-30,0.5928310297748502
2022-12-01,0.5987000861026749
2022-12-02,0.5919548767428862
2022-12-05,0.59364201963354
2022-12-06,0.5938119347669525
2022-12-07,0.5874307252922617
2022-12-08,0.5772542728726754
2022-12-09,0.5848513581495237
2022-12-12,0.5806264413849597
2022-12-13,0.5851404777650718
2022-12-14,0.5831027741639231
2022-12-15,0.5841944241432027
2022-12-16,0.5794312839480033
2022-12-19,0.5784608448725889
2022-12-20,0.5761298885585905
2022-12-21,0.5705410031335575
2022-12-22,0.5630631676623211
2022-12-23,0.5537326606348669
2022-12-26,0.5517097625565899
2022-12-27,0.5429287543313817
2022-12-28,0.5438895525416612
2022-12-29,0.5385521353776684
2022-12-30,0.5463980807635721
2023-01-02,0.5474278019559143
2023-01-03,0.5539960751202381
2023-01-04,0.548931648534883
2023-01-05,0.5430182445763145
2023-01-06,0.5425139512330741
2023-01-09,0.5427010466072864
2023-01-10,0.5420480619351891
2023-01-11,0.5440003808943843
2023-01-12,0.542079577453626
2023-01-13,0.5351418766991325
2023-01-16,0.540731770205922
2023-01-17,0.5443968885756976
2023-01-18,0.5483616439065291
2023-01-19,0.5473720571162835
2023-01-20,0.544838402736095
2023-01-23,0.5422803386422328
2023-01-24,0.546134285817475
2023-01-25,0.5435962322090472
2023-01-27,0.5398666095038942
2023-01-30,0.5201206979962593
2023-01-31,0.5174371282019066
2023-02-01,0.5146121275499997
2023-02-02,0.5048547431327074
2023-02-03,0.5128934919773325
2023-02-06,0.5113612895300514
2023-02-07,0.5114394121303937
2023-02-08,0.50910363535593
2023-02-09,0.5119424002876726
2023-02-10,0.5087631420463185
2023-02-13,0.5123685330462481
2023-02-14,0.5007485833565111
2023-02-15,0.49744640813701485
2023-02-16,0.5041964691634201
2023-02-17,0.5069655515389843
2023-02-20,0.5079809259349469
2023-02-21,0.5090193466671008
2023-02-22,0.5025031934362512
2023-02-23,0.5003640905565895
2023-02-24,0.5006834231383831
2023-02-27,0.5001570611184015
2023-02-28,0.49677153300398463
2023-03-01,0.4956392794946243
2023-03-02,0.49548647175347366
2023-03-03,0.5042240296659913
2023-03-06,0.5100197974938724
2023-03-08,0.5045168515270633
2023-03-09,0.5072121115919538
2023-03-10,0.49971879157631904
2023-03-13,0.5058302987730979
2023-03-14,0.49769898489789327
2023-03-15,0.4984198934153789
2023-03-16,0.49657989248256296
2023-03-17,0.5020443624435847
2023-03-20,0.49947466683993447
2023-03-21,0.5033420414989959
2023-03-22,0.5027551163774705
2023-03-23,0.4972699515666239
2023-03-24,0.4948715431722477
2023-03-27,0.48940883533450324
2023-03-28,0.4923991507675474
2023-03-29,0.49137020528691555
2023-03-31,0.49220008331294846
2023-04-03,0.499776661024979
2023-04-05,0.4976385231435055
2023-04-06,0.493456986386553
2023-04-10,0.4999574186644193
2023-04-11,0.4997635916571111
2023-04-12,0.4999837680537658
2023-04-13,0.5020924378552848
2023-04-17,0.5004759208916219
2023-04-18,0.501770291646537
2023-04-19,0.502486272949367
2023-04-20,0.5013096044674598
2023-04-21,0.49475774035702114
2023-04-24,0.4959825435066004
2023-04-25,0.4958444535809323
2023-04-26,0.49152373009122785
2023-04-27,0.4951924366295674
2023-04-28,0.5019585733568215
2023-05-02,0.5053358496518305
2023-05-03,0.5075697288093853
2023-05-04,0.5035532726186118
2023-05-05,0.5076977533077693
2023-05-08,0.5067877432426725
2023-05-09,0.5086030096442236
2023-05-10,0.5067731173356789
2023-05-11,0.5062378512423142
2023-05-12,0.5078519344906732
2023-05-15,0.5083347718835255
2023-05-16,0.5133470663039971
2023-05-17,0.5085755124249529
2023-05-18,0.5097466324511688
2023-05-19,0.5048318205991577
2023-05-22,0.5041419578365192
2023-05-23,0.5099372086188475
2023-05-24,0.5063922531916385
2023-05-25,0.5032740252824247
2023-05-26,0.5092394241020994
2023-05-29,0.5135348235331284
2023-05-30,0.5138460006419271
2023-05-31,0.5152247819975845
2023-06-01,0.5131120395887484
2023-06-02,0.5087270905768623
2023-06-05,0.5110988989746917
2023-06-06,0.5078601488494865
2023-06-07,0.5136223245696312
2023-06-08,0.5154902007676255
2023-06-09,0.5100973236148298
2023-06-12,0.5049987373018604
2023-06-13,0.5030152937015646
2023-06-14,0.5047656346562418
2023-06-15,0.5106520392664886
2023-06-16,0.5105510526154026
2023-06-19,0.5118644017598615
2023-06-20,0.5134561552346206
2023-06-21,0.5138719793980722
2023-06-22,0.5121141841048068
2023-06-23,0.5068576128230782
2023-06-26,0.497844796347355
2023-06-27,0.5000062183792576
2023-06-28,0.49539000089843194
2023-06-30,0.4972064769173882
2023-07-03,0.4959491418827703
2023-07-04,0.4961686367029477
2023-07-05,0.49536080703143087
2023-07-06,0.49061350926751546
2023-07-07,0.4873795271142438
2023-07-10,0.48558853006468744
2023-07-11,0.4825835654807869
2023-07-12,0.4811843445678137
2023-07-13,0.4804053903840347
2023-07-14,0.48075281221353583
2023-07-17,0.49224754895960976
2023-07-18,0.49450639618248604
2023-07-19,0.49953987447207554
2023-07-20,0.496678849825391
2023-07-21,0.4851826560427142
2023-07-24,0.47985890853616386
2023-07-25,0.47269387612502556
2023-07-26,0.4711665051057964
2023-07-27,0.47243649076338207
2023-07-28,0.4737836710134602
2023-07-31,0.478421296805877
2023-08-01,0.484118665772773
2023-08-02,0.48702010945077945
2023-08-03,0.47707185789425105
2023-08-04,0.4760419519179303
2023-08-07,0.4753340194716972
2023-08-08,0.4796181845511668
2023-08-09,0.47464236565959533
2023-08-10,0.4723065297828448
2023-08-11,0.4719411694422195
2023-08-14,0.4640404293628572
2023-08-16,0.46309142598525477
2023-08-17,0.46425024691883954
2023-08-18,0.4656211405378304
2023-08-21,0.4682495741355597
2023-08-22,0.471682206077452
2023-08-23,0.4725227587318172
2023-08-24,0.4715218019483101
2023-08-25,0.4642078116074878
2023-08-28,0.46387039975759287
2023-08-29,0.4622046486860376
2023-08-30,0.46268579489231865
2023-08-31,0.46259857921705644
2023-09-01,0.4590743579490375
2023-09-04,0.4700923903375298
2023-09-05,0.4736848495296766
2023-09-06,0.4743588690963607
2023-09-07,0.47028779487621497
2023-09-08,0.47848250516239343
2023-09-11,0.48353978698322164
2023-09-12,0.4841141117928266
2023-09-13,0.4669481212750784
2023-09-14,0.46812170422184307
2023-09-15,0.46544304796041924
2023-09-18,0.4611579505905064
2023-09-20,0.4560769284996049
2023-09-21,0.45720506494856145
2023-09-22,0.44863908278128817
2023-09-25,0.4482544558606694
2023-09-26,0.44593186461567885
2023-09-27,0.4433978452478561
2023-09-28,0.44166486088589973
2023-09-29,0.4375471696345317
2023-10-03,0.4360920325459075
2023-10-04,0.42971618764931135
2023-10-05,0.4239446150325312
2023-10-06,0.42698418062573207
2023-10-09,0.42247660787412955
2023-10-10,0.42066993606968633
2023-10-11,0.4230330308658591
2023-10-12,0.42151077625874406
2023-10-13,0.4141677595235944
2023-10-16,0.41703605875065514
2023-10-17,0.4170985626214735
2023-10-18,0.4179041988652486
2023-10-19,0.41153856600077576
2023-10-20,0.41090257464597907
2023-10-23,0.4098155122301343
2023-10-25,0.4040189130523885
2023-10-26,0.40024644418588545
2023-10-27,0.3921456198496571
2023-10-30,0.39734154253165904
2023-10-31,0.39516424581747417
2023-11-01,0.3924678867741229
2023-11-02,0.3957704547764116
2023-11-03,0.39689988088072914
2023-11-06,0.3982141503323258
2023-11-07,0.3981596465187379
2023-11-08,0.401335970032723
2023-11-09,0.4038404970019067
2023-11-10,0.3990894682744248
2023-11-13,0.4021390623795737
2023-11-15,0.41185231313058346
2023-11-16,0.41582095264453517
2023-11-17,0.41444089245709875
2023-11-20,0.4140688312281355
2023-11-21,0.41233958500280143
2023-11-22,0.4116197708437985
2023-11-23,0.4132236390876306
2023-11-24,0.4124258495613553
2023-11-28,0.41234715515838555
2023-11-29,0.4156630017056928
2023-11-30,0.4211716368820024
2023-12-01,0.4256652395455211
2023-12-04,0.4327795960239653
2023-12-05,0.437407716209402
2023-12-06,0.4544077856743296
2023-12-07,0.44845401884326824
2023-12-08,0.44796605673092804
2023-12-11,0.4437272005312929
2023-12-12,0.44593261537574835
2023-12-13,0.44841529912497413
2023-12-14,0.44999165370254707
2023-12-15,0.45102116350871696
2023-12-18,0.4645228155109468
2023-12-19,0.46495826912931243
2023-12-20,0.46184091658298576
2023-12-21,0.4457285311056665
2023-12-22,0.45094597339236453
2023-12-26,0.45242917915477937
2023-12-27,0.4626750149461513
2023-12-28,0.46439374291416724
2023-12-29,0.4682085834770524
2024-01-01,0.4660739033232632
2024-01-02,0.4659053524786765
2024-01-03,0.46416833101754656
2024-01-04,0.46123824844467187
2024-01-05,0.45987854555298163
2024-01-08,0.4602261896728805
2024-01-09,0.46133657340124135
2024-01-10,0.4592119456727039
2024-01-11,0.45743209906458393
2024-01-12,0.45803008583217225
2024-01-15,0.46512565987326
2024-01-16,0.4583420673955424
2024-01-17,0.4463272306513428
2024-01-18,0.4464753339920884
2024-01-19,0.45024236456901756
2024-01-23,0.4510443189126562
2024-01-24,0.4416989589219081
2024-01-25,0.44388272391384426
2024-01-29,0.43703643666808556
2024-01-30,0.43895669274266624
2024-01-31,0.4296595977744979
2024-02-01,0.43607091981047214
2024-02-02,0.4317784972645513
2024-02-05,0.4419997943250998
2024-02-06,0.44830502166652364
2024-02-07,0.4552167061206802
2024-02-08,0.45215272261282213
2024-02-09,0.45244636889465667
2024-02-12,0.44962552186165256
2024-02-13,0.4409820663401731
2024-02-14,0.4381124178903324
2024-02-15,0.4460792405108447
2024-02-16,0.452025929342293
2024-02-19,0.4592979786329583
2024-02-20,0.45589683748725024
2024-02-21,0.45430431816962996
2024-02-22,0.44701095759257303
2024-02-23,0.45058327457207586
2024-02-26,0.44499143913390754
2024-02-27,0.44242851934248184
2024-02-28,0.445273137536032
2024-02-29,0.4382370164222472
2024-03-01,0.4406187368567642
2024-03-04,0.43691003551014235
2024-03-05,0.43255730809636866
2024-03-06,0.4325101432837975
2024-03-07,0.4289612876265417
2024-03-11,0.4358740186553586
2024-03-12,0.42504234804293967
2024-03-13,0.4207560567258955
2024-03-14,0.41365646242326837
2024-03-15,0.41435096872894533
2024-03-18,0.41114857510213215
2024-03-19,0.4080454467496862
2024-03-20,0.4029760252253286
2024-03-21,0.40485480250374273
2024-03-22,0.40507266010425264
2024-03-26,0.4106115167488238
2024-03-27,0.40945531281561665
2024-03-28,0.40981921823888845
2024-04-01,0.4141400666234992
2024-04-02,0.4135724212336083
2024-04-03,0.4130094578639675
2024-04-04,0.4150344683400944
2024-04-05,0.41153137620887575
2024-04-08,0.41177559047451356
2024-04-09,0.4114183627836016
2024-04-10,0.4090848187505354
2024-04-12,0.4106433819206696
2024-04-15,0.40768463078681394
2024-04-16,0.4074527966553212
2024-04-18,0.41571287450916516
2024-04-19,0.4080877524413848
2024-04-22,0.4134565225257988
2024-04-23,0.41354612030244564
2024-04-24,0.4127337864773593
2024-04-25,0.4114112216094055
2024-04-26,0.41473548197083804
2024-04-29,0.4110213615856023
2024-04-30,0.41230654423376795
2024-05-02,0.4077561341960332
2024-05-03,0.41068840744436785
2024-05-06,0.41062699026572574
2024-05-07,0.40335674410235023
2024-05-08,0.4014008763431697
2024-05-09,0.400189058204737
2024-05-10,0.3900265052783248
2024-05-13,0.3901642316349035
2024-05-14,0.39191862208097744
2024-05-15,0.3919674888108436
2024-05-16,0.39518874446594726
2024-05-17,0.3993278619887942
2024-05-21,0.40211360662258777
2024-05-22,0.4079803895546631
2024-05-23,0.4039081647157372
2024-05-24,0.4067001426800703
2024-05-27,0.4065764886431129
2024-05-28,0.40334429213039275
2024-05-29,0.39959139151539264
2024-05-30,0.39741665747340704
2024-05-31,0.3981373539735995
2024-06-03,0.40282206736931264
2024-06-04,0.39791390055715004
2024-06-05,0.34822830514940284
2024-06-06,0.357901223100594
2024-06-07,0.3534646214393447
2024-06-10,0.35864194557138246
2024-06-11,0.35138016403931543
2024-06-12,0.35211944208410517
2024-06-13,0.35451422808104205
2024-06-14,0.3546498266069519
2024-06-18,0.3551643920345964
2024-06-19,0.3554959872771842
2024-06-20,0.3499355646856393
2024-06-21,0.3504502241422382
2024-06-24,0.34472967738902494
2024-06-25,0.34639519984947853
2024-06-26,0.347253775240954
2024-06-27,0.3477736635058382
2024-06-28,0.3515051111061929
2024-07-01,0.35431339356385705
2024-07-02,0.35701613900957097
2024-07-03,0.35916354888387936
2024-07-04,0.3590713647634837
2024-07-05,0.35507317458420695
2024-07-08,0.3551837820657203
2024-07-09,0.35358460406309267
2024-07-10,0.353452059357645
2024-07-11,0.35284354512887994
2024-07-12,0.35008927563508263
2024-07-15,0.3500409012453206
2024-07-16,0.34506401157457833
2024-07-18,0.3426499974227663
2024-07-19,0.34222645345716485
2024-07-22,0.33761056584182886
2024-07-23,0.33622072909984385
2024-07-24,0.3379135147215204
2024-07-25,0.33458409718073684
2024-07-26,0.3375729921043564
2024-07-29,0.345365814331019
2024-07-30,0.34419428840369115
2024-07-31,0.34514795819085825
2024-08-01,0.34985317331785315
2024-08-02,0.3435270505107976
2024-08-05,0.3296529853072355
2024-08-06,0.32941749497726425
2024-08-07,0.33339473855049917
2024-08-08,0.33146356356237994
2024-08-09,0.3313214841298224
2024-08-12,0.3294912045044273
2024-08-13,0.33213762139027797
2024-08-14,0.32693576567466587
2024-08-16,0.3241964820523349
2024-08-19,0.32782501681551385
2024-08-20,0.32860023380999515
2024-08-21,0.3294806727871236
2024-08-22,0.3334109903410925
2024-08-23,0.33221669856780345
2024-08-26,0.33037111290254556
2024-08-27,0.3307933069106706
2024-08-28,0.33051271639491525
2024-08-29,0.3298382818719178
2024-08-30,0.33205925587492063
2024-09-02,0.33344958032293937
2024-09-03,0.33226506620026985
2024-09-04,0.32805805715946085
2024-09-05,0.33013626051403777
2024-09-06,0.3308315045701366
2024-09-09,0.32937934153162507
2024-09-10,0.3304632915706288
2024-09-11,0.33032107018191603
2024-09-12,0.33044119526956617
2024-09-13,0.33391078081967684
2024-09-16,0.33026287083383715
2024-09-17,0.32652154955314283
2024-09-18,0.3263089969659476
2024-09-19,0.3260581022481564
2024-09-20,0.3259643443486097
2024-09-23,0.32772052096811133
2024-09-24,0.32753139682156374
2024-09-25,0.3265925763196341
2024-09-26,0.3273571962205355
2024-09-27,0.3333298413989934
2024-09-30,0.3318434947697906
2024-10-01,0.33101325089406397
2024-10-03,0.32354413941015886
2024-10-04,0.3199385316518222
2024-10-07,0.31878709698556407
2024-10-08,0.31612172768753016
2024-10-09,0.3187909554461103
2024-10-10,0.318896899371388
2024-10-11,0.3118464989770063
2024-10-14,0.31469885504031303
2024-10-15,0.31518036484932477
2024-10-16,0.3083596787096316
2024-10-17,0.30864919862094925
2024-10-18,0.3045363919761761
2024-10-21,0.3084514817659871
2024-10-22,0.3056374848742
2024-10-23,0.2999942748592878
2024-10-24,0.29987091323902854
2024-10-25,0.3006168251876553
2024-10-28,0.2985573895508574
2024-10-29,0.29829826625677414
2024-10-30,0.29920019847613766
2024-10-31,0.3002941313210956
2024-11-01,0.3006569470166281
2024-11-04,0.30075666232678555
2024-11-05,0.2950625048910208
2024-11-06,0.2983210005340305
2024-11-07,0.30014075616498237
2024-11-08,0.29497930686254076
2024-11-11,0.29245483941768835
2024-11-12,0.290549774633994
2024-11-13,0.281386249175627
2024-11-14,0.28038003943745193
2024-11-18,0.2799701933660951
2024-11-19,0.2782325743250504
2024-11-21,0.27620646337996735
2024-11-22,0.2755441966097864
2024-11-25,0.28474164241039557
2024-11-26,0.28227290534622457
2024-11-27,0.2789644836592918
2024-11-28,0.2776723003772032
2024-11-29,0.27163752607728936
2024-12-02,0.2711554078600523
2024-12-03,0.2731868318740348
2024-12-04,0.2774590673970983
2024-12-05,0.27410796101308676
2024-12-06,0.27478946844179947
2024-12-09,0.2741945499466697
2024-12-10,0.2712206292044572
2024-12-11,0.27024085287830013
2024-12-12,0.27069149942134385
2024-12-13,0.26832048701982
2024-12-16,0.27222667912119736
2024-12-17,0.27081539029875906
2024-12-18,0.2668413262198263
2024-12-19,0.2649843193627705
2024-12-20,0.2714970025511436
2024-12-23,0.26745902832563473
2024-12-24,0.26628163965053686
2024-12-26,0.26614264312052066
2024-12-27,0.2669961275954398
2024-12-30,0.2672190636864131
2024-12-31,0.26272369885482333
2025-01-01,0.26307599921342106
2025-01-02,0.26321867844695623
2025-01-03,0.2691193062508898
2025-01-06,0.2701989140480791
2025-01-07,0.26581253726706766
2025-01-08,0.26703861957919195
2025-01-09,0.2673785195787475
2025-01-10,0.2645807434312872
2025-01-13,0.2631412390759928
2025-01-14,0.26031119247566586
2025-01-15,0.2513650303831531
2025-01-16,0.25366309768050266
2025-01-17,0.25381317971339806
2025-01-20,0.25451081924264957
2025-01-21,0.253022072872006
2025-01-22,0.24781296601078912
2025-01-23,0.24609723306478218
2025-01-24,0.24715696734956352
2025-01-27,0.2450730738150142
2025-01-28,0.24318203672988337
2025-01-29,0.24182530347961223
2025-01-30,0.24442809279497352
2025-01-31,0.24615752472078248
2025-02-01,0.2500026947942631
2025-02-03,0.25077249455276374
2025-02-04,0.25401337978202226
2025-02-05,0.2527993361127583
2025-02-06,0.25443353496450904
2025-02-07,0.2527702449030632
2025-02-10,0.2502356815187517
2025-02-11,0.24581751543108044
2025-02-12,0.244162828562332
2025-02-13,0.24298952238417185
2025-02-14,0.24560092794317265
2025-02-17,0.242171576378003
2025-02-18,0.24368831076585026
2025-02-19,0.24095560411258427
2025-02-20,0.2383813838521167
2025-02-21,0.2410648495548507
2025-02-24,0.2384672216605612
2025-02-25,0.23813781250143512
2025-02-27,0.23443437957310626
2025-02-28,0.23135960635373864
2025-03-03,0.227605434599445
2025-03-04,0.22289185893239746
2025-03-05,0.22401938446745392
2025-03-06,0.22852856532299642
2025-03-07,0.23153712145904273
2025-03-10,0.23091995842395743
2025-03-11,0.22661587849931533
2025-03-12,0.23042831781469086
2025-03-13,0.23022524184906756
2025-03-17,0.22756611194114348
2025-03-18,0.22900126891068012
2025-03-19,0.23251751360811368
2025-03-20,0.23256963620340293
2025-03-21,0.23309510605684694
2025-03-24,0.236242391084997
2025-03-25,0.23720747251411128
2025-03-26,0.2354185389509605
2025-03-27,0.2318178648427915
2025-03-28,0.23502916364256554
2025-04-01,0.23288779370440268
2025-04-02,0.23256729095745035
2025-04-03,0.2343900766676825
2025-04-04,0.23601897324093338
2025-04-07,0.21634874970722331
2025-04-08,0.2269963053680369
2025-04-09,0.22772676563342228
2025-04-11,0.23413374956649366
2025-04-15,0.23754580349453563
2025-04-16,0.23569605168061603
2025-04-17,0.2373305197091001
2025-04-21,0.24206886533439564
2025-04-22,0.2427470295293512
2025-04-23,0.2431748317860849
2025-04-24,0.2398638476760519
2025-04-25,0.2378944196736116
2025-04-28,0.2348011255312626
2025-04-29,0.23549617278778467
2025-04-30,0.23270791686562584
2025-05-02,0.23393308900579016
2025-05-05,0.23568813111187684
2025-05-06,0.23742584084006194
2025-05-07,0.2292664528488106
2025-05-08,0.23329919606875332
2025-05-09,0.22350581324720584
2025-05-12,0.23381998431226614
2025-05-13,0.23598213582096125
2025-05-14,0.23104915038983168
2025-05-15,0.23168675083748363
2025-05-16,0.23738380079100838
2025-05-19,0.23614447106147274
2025-05-20,0.23742728073381883
2025-05-21,0.2320478448839407
2025-05-22,0.2310789371522806
2025-05-23,0.231201223015506
2025-05-26,0.23398973216072916
2025-05-27,0.2341647722349612
2025-05-28,0.2321636634452246
2025-05-29,0.23298237236429553
2025-05-30,0.23182672313728112
2025-06-02,0.22894979296244258
2025-06-03,0.22836361964544705
2025-06-04,0.2251497683879048
2025-06-05,0.22519955107648895
2025-06-06,0.22640632446626557
2025-06-09,0.23227444182806203
2025-06-10,0.2332559952215624
2025-06-11,0.23230718579840415
2025-06-12,0.23300476602835218
2025-06-13,0.22567992658518404
2025-06-16,0.22776772809351187
2025-06-17,0.2310429188137014
2025-06-18,0.22877573621581826
2025-06-19,0.22607312097983787
2025-06-20,0.22647778903003432
2025-06-23,0.22548386831746994
2025-06-24,0.226828269753385
2025-06-25,0.22731771663615724
2025-06-26,0.22763157630655184
2025-06-27,0.2307348138675442
2025-06-30,0.23050526457029988
2025-07-01,0.23022107502694927
2025-07-02,0.23061856580357093
2025-07-03,0.22904814419063385
2025-07-04,0.22842690999798396
2025-07-07,0.22713867957528353
2025-07-08,0.22742094983976732
2025-07-09,0.22857926354620017
2025-07-10,0.228708567629209
2025-07-11,0.2273525259106506
2025-07-14,0.22660912690350277
2025-07-15,0.22492980053179876
2025-07-16,0.2239869360175211
2025-07-17,0.2230123690762265
2025-07-18,0.2235965400349041
2025-07-21,0.22033775129896463
2025-07-22,0.22063197834351764
2025-07-23,0.22027198594455694
2025-07-24,0.21958499621945032
2025-07-25,0.217276738279053
2025-07-28,0.21397658599441854
2025-07-29,0.21274098297665706
2025-07-30,0.21260028629670738
2025-07-31,0.20855014899678564
2025-08-01,0.20802037789276884
2025-08-04,0.2057855006630702
2025-08-05,0.20701630862856446
2025-08-06,0.2080966150430605
2025-08-07,0.20322875637182028
2025-08-08,0.20440116473341943
